id,prob,true
38800,0.047035109251737595,0
30269,0.046276040375232697,0
8341,0.051887672394514084,0
33546,0.5018295049667358,1
6377,0.005577933043241501,0
25566,0.015583031810820103,0
29652,0.19364580512046814,1
17375,0.09031861275434494,0
14286,0.041231684386730194,0
14606,0.7847818732261658,1
1043,0.03172328695654869,0
21718,0.00740243261680007,0
42530,0.15068113803863525,0
11360,0.042094361037015915,0
21844,0.08524046838283539,0
19508,0.041374873369932175,0
23978,0.4826803505420685,0
11923,0.15939593315124512,0
8479,0.011117414571344852,0
23519,0.008758634328842163,0
494,0.3318948745727539,0
38702,0.0634860172867775,0
38935,0.06215212121605873,0
11888,0.14897333085536957,0
62,0.038793887943029404,0
44686,0.08555571734905243,0
34767,0.03099619597196579,0
40625,0.05204539746046066,0
29817,0.06695330888032913,0
21679,0.02353823184967041,0
16692,0.058372437953948975,0
21093,0.14431940019130707,1
24305,0.15798082947731018,0
33941,0.03188895434141159,0
15862,0.4584299623966217,1
42893,0.1311299204826355,0
27277,0.07406051456928253,0
4216,0.014916240237653255,0
17740,0.0737953633069992,0
19775,0.16024355590343475,0
44315,0.07878534495830536,0
19174,0.03825410082936287,0
36231,0.04396950826048851,0
23074,0.012842288240790367,0
21414,0.08334117382764816,0
19981,0.047461699694395065,0
37141,0.4778086841106415,0
36851,0.1595495045185089,0
12440,0.4200557768344879,1
39479,0.009073590859770775,0
2246,0.013718532398343086,0
23511,0.53681880235672,1
28401,0.1089683324098587,0
23086,0.027927715331315994,0
7205,0.2859213352203369,1
10071,0.0868629738688469,1
28609,0.010063540190458298,0
1850,0.017623383551836014,1
16138,0.011908444575965405,0
30584,0.07299422472715378,0
33404,0.07465463131666183,0
17927,0.08005504310131073,0
43719,0.0884905457496643,0
18472,0.029900211840867996,0
15680,0.05261218920350075,1
5067,0.012241235002875328,0
26950,0.60587477684021,1
22189,0.39483344554901123,0
20836,0.06595959514379501,0
38477,0.010236555710434914,0
33127,0.009523016400635242,0
38692,0.01380952075123787,0
27732,0.10863149166107178,0
1085,0.04246250540018082,0
16049,0.12376558780670166,0
16025,0.05851968750357628,0
39257,0.08458901941776276,0
25648,0.03180788457393646,0
37145,0.14913226664066315,0
14604,0.21881118416786194,0
8085,0.014409554190933704,0
41700,0.4249871075153351,0
734,0.015007085166871548,0
13905,0.13401062786579132,0
21473,0.06107105687260628,1
25352,0.09430261701345444,0
21416,0.1190032809972763,0
30069,0.2964368760585785,1
34552,0.010419724509119987,0
35695,0.018900517374277115,0
42015,0.37465742230415344,1
37201,0.06754709780216217,0
25080,0.14491021633148193,1
39588,0.1351720243692398,0
27589,0.16491654515266418,0
334,0.08386543393135071,0
16737,0.029345402494072914,0
43395,0.04722671955823898,0
36434,0.007720784284174442,0
22692,0.029595255851745605,0
22276,0.4708869457244873,0
32404,0.04671478644013405,0
19869,0.011859668418765068,0
19690,0.105197474360466,0
41196,0.07042483985424042,1
19943,0.04484814777970314,0
23022,0.12658751010894775,0
21648,0.2198585569858551,0
41380,0.024380873888731003,0
21580,0.1744418740272522,0
2500,0.1372440606355667,0
44494,0.13295017182826996,0
32778,0.03721950203180313,0
34057,0.078592948615551,0
17088,0.08067214488983154,0
22896,0.05419594421982765,0
20220,0.016413791105151176,0
28500,0.15190397202968597,0
38830,0.17700695991516113,0
2125,0.09562228620052338,0
14138,0.0915452167391777,0
17362,0.007547980640083551,0
29230,0.7411653399467468,1
3274,0.06958100199699402,0
43998,0.1024608239531517,0
20344,0.1814640909433365,1
9609,0.03398074582219124,0
23405,0.021560421213507652,0
3262,0.03556922823190689,0
43400,0.053580936044454575,0
15926,0.11957408487796783,0
16568,0.004345060791820288,0
20577,0.20602092146873474,0
526,0.05938873067498207,0
39343,0.2844691276550293,0
16074,0.23791244626045227,0
3095,0.3166288435459137,1
8428,0.024125847965478897,0
30246,0.047670628875494,0
40426,0.052983686327934265,1
25847,0.010244418866932392,0
2858,0.028887931257486343,0
15118,0.72120600938797,1
19233,0.24459515511989594,1
43828,0.06868926435709,0
9347,0.09251534938812256,0
30366,0.14136940240859985,0
36811,0.06009824201464653,0
12398,0.009471400640904903,0
6825,0.021723831072449684,0
19975,0.057901788502931595,0
29356,0.18133780360221863,0
29984,0.05156557261943817,0
1744,0.05281098186969757,0
15381,0.010780295357108116,0
18318,0.05784950032830238,0
8278,0.08081495761871338,0
30593,0.6551146507263184,0
39702,0.9639231562614441,1
35962,0.07433310151100159,0
1432,0.6648469567298889,1
7514,0.10284062474966049,0
20476,0.06280353665351868,0
38233,0.5555056929588318,0
33557,0.011225046589970589,0
32641,0.13926634192466736,0
35614,0.07966291159391403,0
9423,0.12652073800563812,1
24623,0.09123322367668152,0
23009,0.03704380989074707,0
35144,0.014299444854259491,0
15387,0.1100899800658226,0
26041,0.05148101970553398,0
38927,0.07333347946405411,0
35844,0.08388788998126984,1
15986,0.289488285779953,1
25473,0.283898264169693,0
25108,0.012732408940792084,0
7522,0.07233044505119324,0
40851,0.06386031210422516,0
1729,0.052147313952445984,0
9889,0.018910972401499748,0
12681,0.03214151784777641,0
3949,0.3203829228878021,0
12237,0.03655862435698509,0
39993,0.039368752390146255,0
29115,0.7752351760864258,1
29362,0.03863340988755226,0
14931,0.04772817716002464,0
22722,0.20706039667129517,0
2708,0.0074840122833848,0
12460,0.06699778139591217,0
4148,0.04820321127772331,0
24444,0.09546994417905807,0
18874,0.007968354970216751,0
28663,0.2761600911617279,1
30812,0.4444502890110016,0
14542,0.04590562358498573,0
38081,0.013603702187538147,0
9120,0.016574522480368614,0
21355,0.09183172136545181,0
36610,0.3467792272567749,0
16533,0.008261398412287235,0
27084,0.1525171995162964,0
38729,0.026673419401049614,0
540,0.13736900687217712,0
10161,0.02047179453074932,0
4845,0.09328420460224152,0
10742,0.06881773471832275,0
9130,0.6070021390914917,1
13803,0.05883064493536949,0
3180,0.26782509684562683,0
3424,0.6977508664131165,0
17530,0.011633744463324547,0
21723,0.020364586263895035,0
9948,0.16186502575874329,0
6550,0.17120543122291565,0
42285,0.1845579445362091,0
6694,0.05671291798353195,0
37657,0.030915584415197372,0
6723,0.027705609798431396,0
5061,0.016373470425605774,0
41029,0.5848820209503174,0
44115,0.14653711020946503,0
39053,0.12308891117572784,0
42215,0.018714625388383865,0
27342,0.46964770555496216,0
41219,0.01692698523402214,0
26911,0.14075921475887299,0
26429,0.09146019071340561,0
25894,0.04268568381667137,0
22556,0.18021397292613983,1
3425,0.31056809425354004,0
41026,0.03898732364177704,0
26469,0.017259543761610985,0
38075,0.20006676018238068,1
8504,0.00896696001291275,0
31529,0.01627388782799244,0
23446,0.21499654650688171,1
38544,0.008677404373884201,0
10561,0.09509213268756866,0
31231,0.03578793257474899,0
6317,0.0923631563782692,0
6315,0.04206831753253937,0
579,0.027201469987630844,0
32626,0.06505381315946579,1
28328,0.3077561557292938,0
19232,0.006738242693245411,0
23851,0.0221355352550745,0
30382,0.06512365490198135,0
37281,0.06918656080961227,0
1543,0.26957303285598755,0
14323,0.014579413458704948,0
34244,0.24969680607318878,0
39608,0.013785558752715588,0
8968,0.027251936495304108,0
32459,0.01487319078296423,0
28618,0.1744052767753601,0
10991,0.028645237907767296,0
40869,0.14559391140937805,0
26294,0.04633423686027527,1
21143,0.6163137555122375,1
39557,0.24677254259586334,0
17972,0.17894822359085083,0
41975,0.020233040675520897,0
7837,0.1109202578663826,0
23562,0.3625759482383728,0
2229,0.03177059069275856,0
31419,0.07167883962392807,0
17291,0.09286264330148697,0
7259,0.12874461710453033,0
24242,0.11579542607069016,0
36063,0.012693488970398903,0
36076,0.22868528962135315,1
22578,0.24668669700622559,0
28205,0.1334405392408371,0
883,0.09079039841890335,0
7475,0.751247763633728,1
7766,0.17894138395786285,0
11415,0.051729679107666016,0
40210,0.2954726219177246,1
29789,0.134479358792305,0
28714,0.1446259617805481,0
23129,0.06958749890327454,0
20360,0.2947057783603668,0
23980,0.08357147872447968,1
39195,0.026807663962244987,0
40803,0.10899794101715088,0
18149,0.14152702689170837,0
3606,0.10463313013315201,0
38929,0.5066544413566589,1
37184,0.03512975573539734,0
37385,0.003941050264984369,0
14166,0.07250285148620605,0
35600,0.009558518417179585,0
27708,0.08633365482091904,0
21117,0.06223227456212044,0
33716,0.24752621352672577,0
31587,0.03774304687976837,0
3971,0.020939670503139496,0
40752,0.032175689935684204,0
30195,0.0481896847486496,0
30576,0.005140488967299461,0
37397,0.08009476959705353,0
17350,0.2195940762758255,1
13928,0.22250241041183472,0
17909,0.530721127986908,0
28835,0.16269227862358093,0
43876,0.02926945500075817,0
14801,0.26423314213752747,1
32037,0.048037055879831314,0
7120,0.005005978513509035,0
39614,0.047230642288923264,0
22606,0.20371468365192413,0
41248,0.015639575198292732,0
6009,0.012822052463889122,0
28239,0.022065814584493637,0
22699,0.10156954079866409,0
28441,0.1586373895406723,1
13425,0.5416886210441589,1
8315,0.15321005880832672,0
38013,0.028471412137150764,0
37748,0.03315969929099083,0
34792,0.1300317794084549,0
20403,0.04958358407020569,0
10200,0.04669387266039848,0
24867,0.08792919665575027,0
5843,0.1971956193447113,0
12911,0.6120252013206482,0
22136,0.04769149795174599,0
32617,0.0360228531062603,0
34070,0.08700103312730789,0
43288,0.038022782653570175,0
24403,0.02317313477396965,0
32867,0.3648596405982971,0
9828,0.02501107007265091,0
44529,0.4514910578727722,0
8448,0.16686508059501648,0
21635,0.4350026547908783,0
3610,0.052414510399103165,0
14490,0.036214154213666916,0
18974,0.2092602699995041,1
14178,0.031639717519283295,0
18394,0.03677259013056755,0
25100,0.03858506307005882,0
23638,0.30486860871315,1
7049,0.012234064750373363,0
182,0.005006266292184591,0
3008,0.6314684152603149,1
14518,0.249002605676651,0
18657,0.05905584618449211,0
14628,0.06296615302562714,0
32760,0.16825039684772491,0
39715,0.172613263130188,0
11636,0.16843654215335846,0
11776,0.014455275610089302,0
24327,0.19406463205814362,1
2879,0.01757277548313141,0
2515,0.04070243984460831,0
41544,0.372558057308197,0
38896,0.6023508906364441,0
23704,0.01441836729645729,0
39431,0.2165009081363678,0
4747,0.01202524546533823,0
9123,0.9057905673980713,1
35645,0.12716881930828094,0
44313,0.03827618062496185,0
31569,0.2021082043647766,0
22095,0.166704922914505,0
38613,0.018759801983833313,0
4471,0.17399929463863373,0
3271,0.040247779339551926,0
31555,0.030118055641651154,0
23354,0.10922182351350784,0
4779,0.08803927898406982,0
21914,0.07705248147249222,1
15856,0.09069196879863739,0
19009,0.44338011741638184,0
33166,0.081856369972229,0
8831,0.0456007681787014,0
35402,0.030308209359645844,0
4707,0.019924817606806755,0
21273,0.026918761432170868,0
43626,0.03820396214723587,0
24933,0.35210075974464417,0
4986,0.010745554231107235,0
20516,0.05893928185105324,0
2273,0.03081638365983963,0
30605,0.040813148021698,0
15840,0.0133635513484478,0
24198,0.12815415859222412,0
12046,0.03652787581086159,0
10950,0.02039334923028946,0
36142,0.026298698037862778,0
37077,0.022158080711960793,0
35904,0.23661556839942932,1
38467,0.1156412661075592,0
14342,0.013370783999562263,0
34319,0.49212729930877686,1
34454,0.04651552066206932,0
37790,0.01866074651479721,0
28918,0.18065224587917328,0
32066,0.17560195922851562,0
43615,0.013379051350057125,0
42463,0.027604956179857254,0
31458,0.00979170948266983,0
10982,0.01957549713551998,0
39925,0.025061653926968575,0
7238,0.011890132911503315,0
23189,0.12991508841514587,0
25576,0.1451644003391266,0
24261,0.01215839572250843,0
44963,0.006683604326099157,0
37236,0.16499298810958862,0
37363,0.5552933812141418,1
17154,0.058844193816185,0
22410,0.02106579951941967,0
35244,0.011341474950313568,0
42762,0.020482981577515602,0
25065,0.02248157188296318,0
25668,0.04391605779528618,1
23132,0.31913015246391296,0
39663,0.01557619497179985,0
29742,0.027841810137033463,0
35242,0.04564462974667549,0
3914,0.03021201863884926,0
30310,0.09569218009710312,0
32958,0.11020214855670929,0
9,0.004864503163844347,0
20701,0.12286599725484848,1
43329,0.11078513413667679,1
31079,0.13751202821731567,0
30342,0.1540721207857132,0
30034,0.130408376455307,1
25746,0.08123108744621277,0
30956,0.23049592971801758,0
14705,0.01727312058210373,0
15222,0.03162994608283043,0
581,0.010838234797120094,0
8607,0.03048303723335266,0
32286,0.038568366318941116,0
32856,0.08150573819875717,0
27030,0.008420084603130817,0
27005,0.11539753526449203,0
39448,0.06524088233709335,0
9530,0.20072278380393982,0
12119,0.1918887048959732,0
31524,0.5378630757331848,0
22644,0.08838561922311783,0
44387,0.007089050952345133,0
32421,0.06735247373580933,0
16867,0.021741637960076332,0
43693,0.06194918230175972,0
4067,0.04937954246997833,0
11317,0.14490428566932678,0
25392,0.033867862075567245,0
16089,0.028715968132019043,0
14806,0.8146462440490723,1
13167,0.012864207848906517,0
10275,0.029389208182692528,0
25603,0.04132935404777527,0
37006,0.052996788173913956,0
22627,0.0961187407374382,1
24356,0.5478692650794983,1
10008,0.11284453421831131,1
17975,0.06116195023059845,0
15671,0.10772903263568878,0
33558,0.26811638474464417,0
18003,0.10029260814189911,0
14791,0.07407966256141663,0
30620,0.2758376896381378,1
19126,0.13444536924362183,0
8870,0.055177222937345505,0
13012,0.011533095501363277,0
32316,0.013547942973673344,0
25087,0.05041448026895523,0
12614,0.040408905595541,0
14984,0.24257723987102509,0
32815,0.3920953869819641,0
35437,0.06925459206104279,1
43952,0.22820769250392914,1
29084,0.027167020365595818,0
520,0.6077236533164978,1
17835,0.29287031292915344,1
18317,0.02351873740553856,0
18094,0.4976068139076233,0
19158,0.021158624440431595,0
32342,0.963640570640564,0
17286,0.0049353428184986115,0
13160,0.017736922949552536,0
36146,0.1705276072025299,0
5937,0.19120073318481445,0
33805,0.006538784597069025,0
30604,0.0283226165920496,0
23412,0.06905526667833328,0
38289,0.06426282227039337,0
28852,0.0569935142993927,0
6932,0.3442665636539459,0
21068,0.20373834669589996,0
34535,0.008721226826310158,0
17195,0.005133436527103186,0
26867,0.0270238034427166,0
13170,0.03867284953594208,0
27047,0.036796048283576965,0
11841,0.009545702487230301,0
22607,0.30893638730049133,1
43203,0.026843978092074394,1
23864,0.02304701693356037,0
2781,0.06543457508087158,1
31670,0.0073094977997243404,0
23436,0.5140419006347656,0
31152,0.06256421655416489,0
1642,0.3180038034915924,0
21576,0.0411667674779892,0
15129,0.10252692550420761,0
17951,0.8245174288749695,1
17976,0.055291756987571716,0
34794,0.11281483620405197,0
7931,0.09521929919719696,0
34554,0.06646678596735,0
28898,0.07848585397005081,0
17270,0.30136340856552124,1
37502,0.8518556952476501,1
16963,0.020015699788928032,0
33893,0.028375713154673576,0
43529,0.04633539542555809,0
31720,0.0319768525660038,0
20109,0.011782355606555939,0
24797,0.012267103418707848,0
14316,0.007971257902681828,0
1686,0.010959437116980553,0
21468,0.028586875647306442,0
19502,0.03635769709944725,0
41586,0.10088978707790375,0
18310,0.010979033075273037,0
28518,0.19222491979599,1
20330,0.10363759100437164,1
42733,0.27858421206474304,0
25125,0.05388525873422623,1
44155,0.0155575480312109,0
41590,0.07729515433311462,1
18506,0.12764908373355865,0
43709,0.026167385280132294,0
12418,0.06115115061402321,0
26484,0.2749002277851105,0
11702,0.03543161600828171,0
20868,0.06220151484012604,0
17481,0.16833128035068512,1
16514,0.3053414225578308,0
23985,0.03396039456129074,0
35557,0.07790810614824295,0
19128,0.5275145173072815,0
14953,0.14875903725624084,0
24783,0.051804061979055405,0
4721,0.12745355069637299,0
12710,0.044305555522441864,0
12327,0.1550861895084381,0
44026,0.17847344279289246,1
3779,0.050370074808597565,0
12660,0.046061161905527115,0
29036,0.04486071318387985,0
25004,0.06565868854522705,1
37335,0.04617948830127716,0
11818,0.12804953753948212,0
42273,0.1576819121837616,0
24779,0.026375653222203255,0
36829,0.39267605543136597,1
41953,0.04912512004375458,0
39467,0.02653011865913868,0
4718,0.06180797517299652,0
41102,0.009405087679624557,0
16919,0.011802815832197666,0
35288,0.538809061050415,0
13929,0.05942289158701897,0
8252,0.010055947117507458,0
11957,0.030715951696038246,0
38326,0.03480788320302963,0
3958,0.3758184611797333,0
17334,0.35154348611831665,1
12012,0.024135615676641464,0
36089,0.5364994406700134,0
17387,0.5550234913825989,0
467,0.012781141325831413,0
30495,0.010085448622703552,1
36325,0.09613946080207825,0
41081,0.09739045798778534,0
32900,0.09485576301813126,0
12884,0.15573373436927795,0
43946,0.04740278795361519,0
6265,0.06449919939041138,0
33792,0.02666270174086094,0
32969,0.04567664861679077,0
22240,0.04584234580397606,0
40006,0.019518472254276276,0
41914,0.6549157500267029,0
7665,0.01032770425081253,0
1215,0.04457356780767441,0
28931,0.07262332737445831,0
36239,0.039896827191114426,0
17579,0.04471839591860771,0
11899,0.0829925462603569,0
4380,0.045531392097473145,0
10783,0.09240707755088806,1
9829,0.043448809534311295,0
25378,0.0275308508425951,0
41738,0.2868220806121826,0
42882,0.05924950912594795,0
10456,0.04996850714087486,0
1166,0.006985275540500879,0
41191,0.016629476100206375,0
20652,0.007257024757564068,0
1231,0.045521579682826996,0
20729,0.3276570737361908,0
13094,0.34115642309188843,0
42481,0.09065642207860947,0
7036,0.045879315584897995,0
25340,0.05226796492934227,0
11801,0.11371058225631714,0
43101,0.025409117341041565,0
15569,0.022852636873722076,0
26979,0.025779373943805695,1
42410,0.005072330590337515,0
19310,0.6005524396896362,0
40786,0.03917865827679634,0
11222,0.09068646281957626,0
20199,0.036567796021699905,0
39437,0.013678524643182755,0
686,0.20428447425365448,0
996,0.5541402101516724,1
43049,0.16371344029903412,1
20776,0.02104763686656952,0
43896,0.05285981297492981,0
37466,0.04119100794196129,0
28327,0.10027942061424255,0
32307,0.4060896933078766,0
1104,0.09771550446748734,0
41114,0.005678441375494003,0
14448,0.175090029835701,0
15920,0.11829658597707748,0
37481,0.005424609407782555,0
9767,0.03280646353960037,0
6001,0.07550350576639175,0
10375,0.3922441899776459,1
8482,0.051784124225378036,0
39854,0.050268106162548065,0
7606,0.098895929753780365,0
23832,0.08453920483589172,0
33274,0.056153394281864166,0
28442,0.030632121488451958,0
39113,0.10441675037145615,0
11817,0.0992421880364418,0
7493,0.0797867402434349,0
3162,0.028710151091217995,0
31692,0.011436345987021923,0
29361,0.07494952529668808,1
29680,0.6164519786834717,0
31974,0.0793750211596489,0
14778,0.023160114884376526,0
3936,0.0418284572660923,0
41132,0.009445029310882092,0
11185,0.02476414293050766,0
36484,0.5916197896003723,0
17871,0.1232464388012886,0
2159,0.5022856593132019,1
3542,0.04218479245901108,0
36238,0.06213448569178581,0
27216,0.05347510054707527,0
30496,0.13734500110149384,1
18564,0.07974673062562943,0
5863,0.019323274493217468,0
25983,0.008703029714524746,0
24369,0.28318697214126587,0
22883,0.5000025629997253,0
8105,0.3927474617958069,1
41302,0.05162976309657097,0
18552,0.04876622185111046,0
28803,0.1844346523284912,0
8067,0.012956609018146992,0
2712,0.07911805063486099,0
29567,0.05641733109951019,0
5965,0.308295339345932,0
25496,0.0065729618072509766,0
12189,0.17467515170574188,0
44407,0.08663029223680496,0
16748,0.006876726169139147,0
43170,0.11725946515798569,0
3596,0.020561357960104942,0
23637,0.08883119374513626,1
13007,0.1710060089826584,0
19484,0.032908666878938675,0
3802,0.01709742285311222,0
20148,0.09962785243988037,0
1160,0.038427554070949554,0
24240,0.24775788187980652,0
19247,0.16333122551441193,0
7151,0.031102757900953293,0
32770,0.1879996359348297,1
28523,0.02947293594479561,0
44122,0.06236780807375908,0
17716,0.0774340033531189,0
4019,0.03596086800098419,0
12155,0.18224376440048218,0
41682,0.07046739757061005,0
31715,0.053989656269550323,1
1101,0.05976719409227371,0
17581,0.11316411942243576,1
25021,0.04358518123626709,0
2544,0.08760234713554382,0
20245,0.045147184282541275,0
31355,0.17796418070793152,0
28371,0.024430112913250923,0
25814,0.216934472322464,0
11552,0.020355965942144394,0
43073,0.012316630221903324,0
9731,0.011991454288363457,0
23587,0.003756079124286771,0
33873,0.02759576588869095,0
22270,0.04350234940648079,0
25185,0.4009215235710144,0
19104,0.11528539657592773,0
21529,0.30679991841316223,0
3143,0.149876669049263,0
14455,0.10124218463897705,0
7195,0.011395959183573723,0
30320,0.14981453120708466,0
44748,0.097110815346241,0
35257,0.05631568655371666,1
22960,0.09296433627605438,0
5452,0.16479487717151642,0
7644,0.06629875302314758,0
19577,0.01974150724709034,0
37381,0.07054280489683151,0
26389,0.012613867409527302,0
33026,0.04712621495127678,0
41197,0.46478021144866943,0
8406,0.02911142259836197,0
6291,0.682873547077179,1
34822,0.03607918322086334,0
980,0.010704871267080307,0
30931,0.06656278669834137,0
4377,0.11005976051092148,0
26945,0.1662067174911499,0
23549,0.6946097612380981,1
19661,0.023822540417313576,0
8518,0.1285281777381897,0
30484,0.04691031202673912,0
36668,0.06985003501176834,0
1732,0.04913968965411186,0
23494,0.04070728272199631,0
42681,0.2077035754919052,0
15624,0.014392106793820858,0
39111,0.024495618417859077,0
14848,0.06069516763091087,0
41034,0.004130549728870392,0
16266,0.019543131813406944,0
38901,0.008160828612744808,0
32793,0.3646080791950226,0
15561,0.03382395952939987,0
9667,0.014618142507970333,0
40988,0.004980719182640314,0
11790,0.10400047153234482,0
4998,0.3028818368911743,0
14613,0.07350629568099976,0
12841,0.026373062282800674,0
8412,0.03914251923561096,0
14162,0.08247043192386627,0
458,0.007755969185382128,0
25639,0.004325786605477333,0
4686,0.0980888307094574,0
22698,0.29868534207344055,1
17723,0.6843084692955017,1
44779,0.034701600670814514,0
44637,0.1882641762495041,0
1434,0.011941430158913136,0
24728,0.08754987269639969,0
26513,0.31731972098350525,1
7544,0.02262713946402073,0
33690,0.09326852113008499,0
15480,0.6511897444725037,1
17914,0.15742330253124237,0
43461,0.03336591646075249,0
6630,0.041438475251197815,0
23143,0.14984452724456787,1
7555,0.054355207830667496,0
15690,0.34221774339675903,0
36277,0.04523002356290817,0
36097,0.021776923909783363,0
14614,0.026212520897388458,0
23196,0.008248835802078247,0
26370,0.02528182975947857,0
23660,0.09460429847240448,0
42590,0.06882653385400772,0
27901,0.0631084069609642,0
16790,0.006488251034170389,0
38716,0.04912468418478966,0
11345,0.012386438436806202,0
3917,0.10756903141736984,0
15590,0.01168794184923172,0
8500,0.47237035632133484,1
3333,0.06522376835346222,0
11319,0.1167958676815033,0
26342,0.03738053888082504,0
3905,0.03749334439635277,0
33390,0.17574480175971985,0
29033,0.2141324132680893,1
37596,0.09896616637706757,0
30000,0.37815234065055847,1
18322,0.14368781447410583,0
31465,0.01142856478691101,0
41744,0.04095426946878433,0
25300,0.0746808797121048,0
10267,0.7486475706100464,0
8035,0.0245179682970047,0
9429,0.17137543857097626,0
42592,0.22573964297771454,1
15135,0.18735818564891815,0
8445,0.6091957092285156,1
34490,0.03498565033078194,0
37555,0.14890800416469574,0
5684,0.07269621640443802,0
44830,0.055812083184719086,0
10618,0.08584079146385193,0
13244,0.0049215457402169704,0
23763,0.11419764161109924,0
9117,0.054086167365312576,0
20012,0.014217499643564224,0
21304,0.03016764670610428,0
25418,0.016409981995821,0
32001,0.09088871628046036,0
27567,0.041968315839767456,0
17712,0.032671280205249786,0
26128,0.04236868768930435,0
14584,0.09398043900728226,0
15461,0.11336004734039307,0
32928,0.10107659548521042,0
10021,0.12073417007923126,0
18944,0.6923456192016602,1
36447,0.10585585981607437,1
36380,0.010043570771813393,0
10536,0.281955361366272,0
38007,0.005729706026613712,0
8756,0.019581720232963562,0
27797,0.005883048288524151,0
34424,0.12064728885889053,0
7068,0.011379429139196873,0
25995,0.01525402907282114,0
21610,0.06047938019037247,0
20468,0.08255728334188461,1
29886,0.781282901763916,1
32565,0.017070958390831947,0
33000,0.2920333445072174,0
42828,0.005064318887889385,0
26417,0.007797111291438341,0
4550,0.35732704401016235,0
14165,0.017892224714159966,0
32368,0.038126084953546524,0
8268,0.04990161210298538,0
2425,0.02217596024274826,0
14886,0.021165242418646812,0
44195,0.07355427742004395,0
41942,0.006795465014874935,0
35807,0.2679271697998047,0
25745,0.020181376487016678,0
41518,0.3961418569087982,0
18050,0.006096816621720791,0
36365,0.03448355197906494,0
3621,0.016224723309278488,0
13774,0.22044037282466888,0
10655,0.10291848331689835,0
11946,0.008795231580734253,0
30419,0.4363080561161041,0
3639,0.007087882608175278,0
9428,0.00949448999017477,0
11995,0.5532342791557312,0
31588,0.0041420916095376015,0
22016,0.32069551944732666,0
24149,0.027980070561170578,0
12303,0.13249854743480682,0
19079,0.20171672105789185,0
2365,0.03341974690556526,0
8093,0.11232166737318039,0
1874,0.49678170680999756,0
11242,0.02454710379242897,0
33584,0.008188560605049133,0
33410,0.02344624698162079,0
27986,0.22516493499279022,0
39906,0.012709926813840866,0
6544,0.021740619093179703,0
25947,0.04011691361665726,0
30732,0.02611183188855648,0
42724,0.4988764822483063,1
37645,0.45631930232048035,1
19058,0.13423368334770203,0
10940,0.12338557094335556,0
41974,0.007956369780004025,0
10609,0.104228176176548,0
21197,0.08661475032567978,0
44715,0.06578166782855988,0
32802,0.07510864734649658,0
1736,0.4674334228038788,1
25791,0.32333892583847046,1
42869,0.030732354149222374,0
1669,0.6589025855064392,1
26241,0.09856977313756943,0
28838,0.22915628552436829,0
39,0.06413454562425613,0
19443,0.5144170522689819,0
44081,0.4832676947116852,1
25533,0.01682533323764801,0
38536,0.2036713808774948,0
15802,0.02492603473365307,0
36042,0.04449579492211342,0
15296,0.5304570198059082,0
18562,0.11122569441795349,0
24438,0.02907855063676834,0
13716,0.1756492257118225,0
8743,0.5406587719917297,1
43499,0.007258306257426739,0
6330,0.06737231463193893,0
20985,0.03703318163752556,0
12597,0.01742425374686718,0
19066,0.011161377653479576,0
30374,0.14739374816417694,0
28858,0.012731689028441906,0
36457,0.35971367359161377,0
32259,0.028276341035962105,0
43955,0.2708863615989685,0
1478,0.011088289320468903,0
23422,0.050285592675209045,0
16121,0.04337238520383835,0
16184,0.28438127040863037,0
33857,0.04521293565630913,0
12650,0.0562392920255661,0
13603,0.017126791179180145,0
33605,0.031393177807331085,0
34292,0.08829259127378464,1
1294,0.024443235248327255,0
9779,0.007233581971377134,0
7627,0.0400671511888504,0
9551,0.11952899396419525,1
2428,0.06864173710346222,0
18596,0.03431619703769684,0
36196,0.01679840125143528,0
27500,0.09178369492292404,0
32408,0.06080932170152664,0
5641,0.11411768943071365,1
36960,0.15436024963855743,0
41615,0.2343502640724182,0
19125,0.05209200829267502,0
36875,0.07539107650518417,0
31179,0.09072596579790115,0
655,0.02851305715739727,0
18164,0.437809556722641,0
3672,0.08389951288700104,0
12748,0.07981398701667786,0
44098,0.10282722860574722,0
39773,0.039638668298721313,0
8293,0.02201477438211441,0
18522,0.017774678766727448,0
4582,0.08291169255971909,0
4248,0.0059172422625124454,0
30354,0.005077769514173269,0
28613,0.1239449754357338,1
5885,0.08589689433574677,0
4437,0.07223092019557953,0
16207,0.02740059606730938,0
19242,0.05430502071976662,0
16735,0.19144859910011292,0
20191,0.029603129252791405,1
44466,0.10971779376268387,0
26002,0.9308024048805237,1
43095,0.08536646515130997,0
36164,0.11262642592191696,0
1579,0.014639745466411114,0
21058,0.071690134704113,0
17604,0.01813502050936222,0
33483,0.06236240640282631,1
35763,0.09904740750789642,0
40644,0.3024238348007202,0
3373,0.11071469634771347,0
43426,0.5813145041465759,0
736,0.044619545340538025,0
3775,0.8996379971504211,1
4508,0.04550660401582718,0
37003,0.06261114776134491,0
38141,0.04510176554322243,0
12568,0.14571627974510193,0
15142,0.05455942824482918,0
31164,0.6628472805023193,1
17000,0.01684831827878952,0
11214,0.303775429725647,0
8326,0.3241432011127472,0
3669,0.021477585658431053,0
39932,0.009373163804411888,0
33747,0.1149861067533493,1
16332,0.07721360772848129,0
40748,0.023584745824337006,0
7854,0.010460657067596912,0
20023,0.0309353806078434,0
42270,0.09926331043243408,0
25408,0.07773112505674362,0
36121,0.022282809019088745,0
23514,0.02251737378537655,0
24063,0.07930765300989151,0
36734,0.05570891126990318,0
29732,0.061911024153232574,0
25550,0.069724932312965393,0
36234,0.03321849927306175,0
24269,0.10405982285737991,0
20947,0.36213698983192444,0
38431,0.2639029324054718,1
8330,0.023597661405801773,0
26225,0.034070033580064774,0
7897,0.31287333369255066,0
18096,0.051498789340257645,0
26338,0.0701989233493805,0
4307,0.03744078427553177,0
21170,0.1460992842912674,1
39215,0.02614476904273033,0
22569,0.021770380437374115,0
702,0.023588737472891808,0
22726,0.05687364563345909,0
25314,0.08978524804115295,0
39794,0.02315937541425228,0
10984,0.13721266388893127,0
31575,0.09044763445854187,0
27751,0.32299479842185974,1
26213,0.008436383679509163,0
24193,0.018045669421553612,0
26515,0.0818856880068779,0
44457,0.027074094861745834,0
32571,0.17042291164398193,0
3612,0.3199235498905182,1
6414,0.06490744650363922,0
14495,0.042955122888088226,0
383,0.13594172894954681,0
7728,0.10747353732585907,0
17597,0.09038547426462173,1
44323,0.2120349109172821,1
42683,0.09122700244188309,0
23303,0.36708787083625793,0
30809,0.1205344945192337,0
44733,0.032678816467523575,0
33406,0.06750030815601349,0
37325,0.01439178828150034,0
40545,0.13925307989120483,0
35935,0.09876547753810883,0
25256,0.014570824801921844,0
26944,0.0356956422328949,0
14559,0.04313403740525246,0
30299,0.028463546186685562,0
36160,0.02013920620083809,0
32883,0.016743352636694908,0
20131,0.021213142201304436,0
12771,0.0027155433781445026,0
10150,0.23264646530151367,0
29394,0.27618375420570374,0
416,0.02440657652914524,0
42122,0.021072998642921448,0
16461,0.16494587063789368,0
2395,0.04240376129746437,0
8109,0.07057034969329834,0
2154,0.013769187033176422,0
24992,0.14581021666526794,0
33414,0.01835254393517971,0
5270,0.012697607278823853,0
43175,0.038983751088380814,0
27892,0.011062035337090492,0
2371,0.7171209454536438,1
20866,0.09088188409805298,0
13421,0.05979328975081444,0
8849,0.07691027224063873,0
31198,0.11724246293306351,0
12442,0.043355148285627365,0
22321,0.11236144602298737,0
9937,0.021595964208245277,0
14065,0.10445903986692429,0
613,0.05150562524795532,0
9276,0.023443326354026794,0
16128,0.09063975512981415,0
27163,0.08992426842451096,1
13619,0.42795780301094055,0
32194,0.10990585386753082,1
6365,0.004525255877524614,0
36794,0.020467741414904594,0
29330,0.20096802711486816,0
15438,0.022308005020022392,0
42675,0.047801606357097626,0
987,0.10500627756118774,0
43391,0.08392645418643951,0
21817,0.8255839943885803,1
41203,0.01553382258862257,0
8180,0.07773156464099884,0
21733,0.12853287160396576,0
29283,0.017395751550793648,0
9574,0.06825724989175797,0
26296,0.20943723618984222,0
10647,0.03636228293180466,0
42342,0.041097935289144516,0
18131,0.15991659462451935,0
27795,0.09098450094461441,0
14330,0.06738854199647903,0
39552,0.0187516026198864,0
16831,0.037138864398002625,0
43667,0.4351624846458435,1
26924,0.1005532443523407,0
28535,0.9226216673851013,1
28300,0.06006400287151337,0
10552,0.19554701447486877,1
24059,0.014939280226826668,0
30560,0.6595897078514099,0
33921,0.026127314195036888,0
42877,0.7218817472457886,0
32377,0.04220361262559891,0
7879,0.14280501008033752,0
16084,0.23235653340816498,0
29380,0.5773175954818726,0
3835,0.14118699729442596,0
36647,0.0043564606457948685,0
14844,0.09092215448617935,0
31776,0.19040004909038544,1
20147,0.08338319510221481,1
2714,0.06803020089864731,0
32284,0.5707061886787415,1
23847,0.1496007740497589,0
29145,0.014857952482998371,0
16814,0.5934045910835266,1
32502,0.17514854669570923,0
11481,0.2510312795639038,1
676,0.03559541702270508,0
36600,0.05153719708323479,0
1598,0.07426980137825012,0
6733,0.20112895965576172,0
41073,0.014987698756158352,0
36560,0.46143755316734314,0
23097,0.1492680460214615,0
44673,0.009007764980196953,0
17090,0.03687762841582298,0
2659,0.03554045036435127,0
7135,0.010297306813299656,0
7795,0.1097046360373497,0
19026,0.11389601230621338,0
23650,0.7311610579490662,0
31517,0.03694183751940727,0
356,0.07890422642230988,0
40047,0.050136350095272064,0
19110,0.04679356887936592,0
23393,0.06714276224374771,0
24956,0.03472604975104332,0
40873,0.06259530782699585,0
35564,0.12650524079799652,0
42638,0.019839974120259285,0
19989,0.009209013544023037,0
770,0.27174460887908936,0
1179,0.2899462878704071,1
31071,0.0220460407435894,0
32798,0.10579364001750946,0
42778,0.10999925434589386,0
42377,0.03719481825828552,0
31814,0.02211625874042511,0
16655,0.012871869839727879,0
17300,0.04748028516769409,0
43722,0.2831919193267822,0
10350,0.18539775907993317,0
16417,0.024789731949567795,0
19862,0.018883034586906433,0
4870,0.013785507529973984,0
19179,0.313902348279953,1
38642,0.026743806898593903,0
18113,0.018417540937662125,0
23670,0.03842820227146149,0
11744,0.10254302620887756,0
18901,0.0738629400730133,0
10909,0.047449566423892975,0
22763,0.11980897188186646,0
5993,0.1831274777650833,0
19365,0.08830215036869049,0
42563,0.10484609752893448,0
25842,0.0929243266582489,0
9157,0.018571756780147552,0
30394,0.08592118322849274,0
43369,0.1572299599647522,0
16732,0.01912650093436241,0
7180,0.2080075442790985,0
23089,0.03966083377599716,0
35042,0.013901634141802788,0
27849,0.9732882380485535,1
8639,0.022326316684484482,0
23312,0.09949678182601929,0
20039,0.12573407590389252,0
27463,0.10063609480857849,0
22475,0.01633969135582447,0
42467,0.33274438977241516,0
13416,0.03410380333662033,0
42476,0.14926499128341675,0
30359,0.038458582013845444,0
21094,0.046669892966747284,0
30855,0.011133231222629547,0
3736,0.047607239335775375,0
43855,0.018958838656544685,0
27286,0.022017326205968857,0
40819,0.08069732785224915,1
13429,0.08119991421699524,0
34498,0.1596580445766449,0
13351,0.449291855096817,0
21326,0.7910923957824707,0
36459,0.026511751115322113,0
2422,0.05003704875707626,0
42933,0.14950864017009735,0
33517,0.5917872786521912,0
42900,0.029130717739462852,0
44289,0.23035824298858643,0
79,0.035902004688978195,0
44252,0.05370514094829559,0
36091,0.05660513415932655,0
19394,0.07712546736001968,0
2598,0.1354367583990097,0
8798,0.260572224855423,0
11935,0.20477938652038574,0
19312,0.07143913954496384,0
41153,0.08200164139270782,0
1038,0.13866524398326874,0
38317,0.00433838227763772,0
24701,0.08612794429063797,0
17474,0.08363590389490128,0
33959,0.3556598126888275,0
26070,0.11588884890079498,0
2774,0.10950451344251633,0
30471,0.2491656243801117,1
16939,0.011597530916333199,0
36501,0.3452511727809906,0
23381,0.050124358385801315,0
34875,0.2898781895637512,0
37197,0.09686112403869629,0
37022,0.02625127322971821,0
17813,0.018683187663555145,0
30571,0.03245362639427185,0
35186,0.022030163556337357,1
22121,0.050403594970703125,0
43387,0.04410584643483162,0
293,0.0071846297942101955,0
33591,0.028290247544646263,0
23191,0.1590227335691452,0
29130,0.528701663017273,0
9659,0.036844491958618164,0
29138,0.051286883652210236,1
6488,0.6781327128410339,1
9246,0.13359855115413666,1
30168,0.11590880900621414,0
43004,0.02218899130821228,0
2079,0.023743122816085815,0
3073,0.3938094973564148,1
20590,0.1999334990978241,0
21656,0.07466058433055878,0
44428,0.08605262637138367,0
12573,0.07253450155258179,0
19224,0.02130318246781826,0
44205,0.1624334454536438,1
23123,0.04789383336901665,1
24235,0.012431398965418339,0
9811,0.22539936006069183,0
29436,0.09219953417778015,0
26510,0.7420365214347839,1
41872,0.0334944948554039,0
31976,0.032426413148641586,0
36660,0.07886151969432831,0
8389,0.017476702108979225,0
30684,0.003205366199836135,0
20535,0.03463488444685936,0
40696,0.15950815379619598,0
11823,0.01884073205292225,0
43272,0.14075855910778046,0
27952,0.14262130856513977,0
40289,0.042218100279569626,0
39063,0.009776842780411243,0
14663,0.1468695104122162,0
22398,0.13520187139511108,0
40025,0.0484955832362175,0
25156,0.024982230737805367,0
44008,0.11302381753921509,0
35370,0.4965129494667053,1
43415,0.030810130760073662,0
5194,0.2083507925271988,0
4784,0.033255547285079956,0
31220,0.051001645624637604,0
25773,0.03506666049361229,0
30488,0.09577368944883347,0
32506,0.019092461094260216,0
17095,0.07234735786914825,1
3207,0.04173338785767555,0
4498,0.16590215265750885,0
43373,0.010563947260379791,0
33346,0.008829601109027863,0
44051,0.046011995524168015,0
37394,0.10980118811130524,0
17007,0.056567613035440445,0
24804,0.006850311532616615,0
36356,0.33127427101135254,0
18687,0.06578879058361053,0
10669,0.17841166257858276,0
23248,0.05963755398988724,0
17756,0.11105993390083313,0
2458,0.376034140586853,0
42578,0.11313630640506744,0
25917,0.009719830006361008,0
42829,0.01995711587369442,0
7467,0.11618143320083618,0
17057,0.17577995359897614,0
2202,0.06810735166072845,0
44212,0.028058795258402824,0
13732,0.021988563239574432,0
1740,0.029495088383555412,0
5800,0.12268271297216415,0
7969,0.007420417387038469,0
6580,0.04921236261725426,0
35410,0.38994401693344116,1
36756,0.08614561706781387,0
2415,0.12422015517950058,0
43535,0.17434054613113403,0
24676,0.027103865519165993,0
2205,0.04392877221107483,0
15664,0.2642631530761719,0
33261,0.022914664819836617,0
14794,0.0319201834499836,0
24775,0.5650404691696167,0
34515,0.16708409786224365,0
23185,0.03726806491613388,0
23450,0.03266812488436699,0
33531,0.3562130630016327,0
24735,0.05960376560688019,0
36370,0.059284280985593796,0
31632,0.03936147689819336,0
20780,0.1271139681339264,1
312,0.016959508880972862,0
2474,0.029212485998868942,0
6812,0.11090831458568573,0
43164,0.14728425443172455,0
11936,0.010418805293738842,0
12577,0.28237685561180115,0
27527,0.01909768581390381,0
39988,0.02111033722758293,0
2608,0.02151777781546116,0
14454,0.10116607695817947,0
8466,0.015651743859052658,0
37250,0.005892031826078892,0
6000,0.09259817749261856,0
32306,0.04497021809220314,0
39981,0.29394230246543884,0
832,0.013523570261895657,0
26144,0.030115481466054916,0
24005,0.0921243205666542,0
35791,0.04252185299992561,0
1774,0.18564407527446747,0
12243,0.35653311014175415,0
26380,0.24698086082935333,0
4101,0.06916503608226776,0
24895,0.02536214143037796,0
33025,0.10330755263566971,0
27638,0.23358283936977386,0
11570,0.08107225596904755,0
669,0.028763258829712868,0
20165,0.3149184286594391,1
21028,0.1395149827003479,0
5996,0.39335232973098755,0
28242,0.019013624638319016,0
41226,0.005934016313403845,0
25880,0.0036489120684564114,0
18984,0.028411032631993294,0
33231,0.018421532586216927,0
32479,0.04958132654428482,0
23802,0.22638362646102905,1
18913,0.03803185746073723,0
887,0.024965602904558182,0
27242,0.11010242998600006,0
24437,0.21321025490760803,0
42692,0.5845103859901428,0
31476,0.016381658613681793,0
24979,0.16095629334449768,0
29307,0.017508121207356453,0
8578,0.016042321920394897,0
44245,0.15550513565540314,0
8200,0.058008331805467606,0
26460,0.04301958903670311,0
18352,0.013017561286687851,0
640,0.030670491978526115,0
16374,0.3900511860847473,1
42669,0.03245198726654053,0
43661,0.2860008180141449,0
13889,0.021947117522358894,0
26855,0.011880798265337944,0
15917,0.046023767441511154,0
5758,0.23649612069129944,0
7417,0.005558956414461136,0
2547,0.05197545513510704,0
43577,0.05080278217792511,0
13131,0.4947212338447571,1
6094,0.08820584416389465,0
37944,0.17087283730506897,1
43831,0.06689167022705078,0
17805,0.10493968427181244,0
42041,0.009411114268004894,0
38258,0.17157047986984253,1
31973,0.01401367038488388,0
39462,0.04676970839500427,0
18792,0.044666655361652374,0
33310,0.5227828025817871,0
7917,0.09307251870632172,1
5643,0.025736486539244652,0
8823,0.34177517890930176,1
29795,0.10268858820199966,0
23256,0.6780694723129272,1
13579,0.37635844945907593,1
21721,0.034095648676157,0
41021,0.143386110663414,0
7526,0.10165618360042572,0
41698,0.028384681791067123,0
32593,0.32685592770576477,0
24640,0.4755937457084656,1
23373,0.4574839174747467,0
4591,0.1459674835205078,1
31564,0.045170776546001434,0
21073,0.2531900107860565,0
23327,0.201027974486351,0
29382,0.5366961359977722,0
26280,0.3204001188278198,0
21727,0.025644876062870026,0
41451,0.012250727973878384,0
17161,0.041983041912317276,0
28638,0.0839960053563118,0
233,0.11276786029338837,0
37280,0.043309614062309265,0
43598,0.6867017149925232,1
44078,0.06630834937095642,0
26601,0.9766478538513184,1
26720,0.019685011357069016,0
26341,0.060314249247312546,0
43160,0.1767265945672989,0
14493,0.20300373435020447,0
30451,0.02179086208343506,0
12808,0.048126351088285446,0
41923,0.09102189540863037,0
3247,0.025795303285121918,0
4501,0.605468213558197,1
44594,0.4503726065158844,1
1723,0.016870511695742607,0
24566,0.09736067801713943,0
21836,0.6197071075439453,1
17664,0.027471035718917847,0
1014,0.01661609299480915,0
38648,0.04098866879940033,1
5219,0.04146837815642357,0
30742,0.1273355334997177,0
5669,0.008730837143957615,0
31474,0.007022789679467678,0
38522,0.18569046258926392,1
7103,0.33778971433639526,0
13911,0.4288189709186554,0
31462,0.0404495932161808,0
18216,0.39314061403274536,0
10596,0.0570661723613739,1
21900,0.06458397209644318,0
37473,0.07478386908769608,0
24081,0.0822264701128006,0
3716,0.06501146405935287,0
32347,0.08804846554994583,0
23710,0.007471742574125528,0
38084,0.07809299230575562,0
24803,0.06587933748960495,0
14463,0.3515889346599579,0
12024,0.02974901720881462,0
20334,0.02569679729640484,0
8181,0.81296706199646,1
10391,0.07226885855197906,0
40612,0.06676091253757477,0
36182,0.2812683582305908,1
41060,0.03155185654759407,0
13116,0.01674003154039383,0
44628,0.01329653337597847,0
8133,0.24888570606708527,1
11004,0.2978319227695465,0
26801,0.18573492765426636,1
9061,0.334293007850647,0
28008,0.02874079719185829,0
38953,0.08491969853639603,0
37943,0.011208847165107727,0
22028,0.26079028844833374,0
16457,0.004263298586010933,0
43194,0.027121739462018013,0
14950,0.12518785893917084,1
43861,0.12005440145730972,0
14962,0.14469949901103973,1
33474,0.13483241200447083,0
20963,0.020544037222862244,0
32809,0.22654330730438232,0
32852,0.016604432836174965,0
14383,0.04890333488583565,0
15777,0.011267013847827911,0
38879,0.11561461538076401,0
38766,0.013541636057198048,0
13073,0.16851641237735748,0
26717,0.041955213993787766,0
13573,0.13757827877998352,0
23605,0.38545748591423035,1
5745,0.04382776841521263,0
10776,0.05914893373847008,1
19359,0.005139825865626335,0
23,0.024862438440322876,0
8127,0.03928941860795021,0
11993,0.08911878615617752,0
33521,0.1496606022119522,0
11065,0.009460652247071266,0
12968,0.3569217026233673,1
39278,0.006935198791325092,0
1749,0.09647621214389801,0
34094,0.008833386935293674,0
18517,0.013243337161839008,0
19958,0.27671119570732117,0
23125,0.5209746956825256,1
40547,0.3528272211551666,1
38270,0.012769198045134544,0
19450,0.027401430532336235,0
30256,0.009805052541196346,0
37245,0.12013853341341019,0
28844,0.6274451017379761,1
17551,0.02770126238465309,0
21816,0.019104277715086937,0
1342,0.01841536909341812,0
4526,0.07151276618242264,0
24467,0.019121818244457245,0
25586,0.07699070125818253,0
7382,0.017997583374381065,0
24962,0.049508921802043915,0
8344,0.08718911558389664,0
17023,0.014147325418889523,0
33969,0.023939216509461403,0
33683,0.009029222652316093,0
35491,0.009539919905364513,0
42216,0.11530149728059769,0
12178,0.01137343980371952,0
4855,0.479473352432251,1
14180,0.010079261846840382,0
15443,0.08177097141742706,1
2740,0.006894928403198719,0
3429,0.007858133874833584,0
6646,0.24861891567707062,0
9590,0.19611191749572754,0
30403,0.035405583679676056,0
5882,0.04120739549398422,0
27364,0.0260979812592268,0
13218,0.019139377400279045,0
14381,0.07363951951265335,0
33071,0.041390907019376755,0
39907,0.2469436377286911,0
33964,0.02791178785264492,0
6575,0.36941710114479065,1
31721,0.02997489832341671,0
5049,0.007104388903826475,0
44353,0.682739794254303,1
39538,0.29984787106513977,0
24300,0.0956525206565857,0
22893,0.6424046158790588,1
7948,0.027579598128795624,0
25776,0.004338952712714672,0
27315,0.8825291991233826,1
1662,0.0196418147534132,0
20801,0.034005116671323776,0
7325,0.16913346946239471,0
5948,0.006691535469144583,0
23286,0.06253187358379364,0
35627,0.054820384830236435,0
37641,0.12682582437992096,0
5509,0.1746359020471573,0
10966,0.03087989240884781,0
5471,0.36261987686157227,0
40651,0.03112252801656723,0
40844,0.11253126710653305,0
18070,0.23301424086093903,0
34256,0.1331959217786789,0
39235,0.10994849354028702,0
44352,0.1014070063829422,1
9539,0.03509601578116417,0
18423,0.36209923028945923,0
34161,0.11178320646286011,0
10130,0.3344922363758087,0
33536,0.15935753285884857,0
39928,0.05622131749987602,0
31656,0.1729314923286438,0
20424,0.01056938711553812,0
14790,0.027001557871699333,0
19928,0.2148745357990265,1
27763,0.054909247905015945,1
40163,0.013114147819578648,0
29779,0.12872789800167084,0
24343,0.6125060319900513,0
36133,0.07578642666339874,0
38,0.08579692989587784,0
8137,0.26695185899734497,1
31397,0.19999578595161438,0
25833,0.05298525467514992,0
6546,0.02703295834362507,0
22740,0.32751187682151794,1
37633,0.007898695766925812,0
36008,0.4159116744995117,0
44703,0.04368335008621216,0
26037,0.018237104639410973,0
21272,0.04892949014902115,0
14502,0.6812607049942017,1
25901,0.2741101384162903,1
43206,0.6707296371459961,1
33105,0.033914659172296524,0
21149,0.0041421386413276196,0
28545,0.011554902419447899,0
32481,0.008129752241075039,0
34390,0.09682262688875198,0
8864,0.005214240867644548,0
30324,0.04075576737523079,0
25405,0.11413171142339706,1
18410,0.3884727656841278,0
11811,0.10513290017843246,0
1195,0.12414918094873428,0
39901,0.19278959929943085,0
13503,0.013122190721333027,0
7850,0.12749089300632477,0
6341,0.043518584221601486,0
21139,0.6599376201629639,1
115,0.2039283663034439,0
26711,0.2074805349111557,1
7147,0.2150162309408188,0
13668,0.03900136798620224,0
36110,0.08657904714345932,1
38890,0.0408451184630394,0
1629,0.24197451770305634,0
40208,0.6664007306098938,1
3827,0.05920169875025749,0
27680,0.027597730979323387,0
29787,0.05462507903575897,0
39001,0.08996008336544037,0
22902,0.07091812044382095,1
25219,0.028223346918821335,0
31533,0.051997557282447815,0
2615,0.06960060447454453,1
24937,0.05351747199892998,1
17374,0.06387665867805481,0
41094,0.16630125045776367,0
43821,0.0067412592470645905,0
30281,0.18063850700855255,0
39370,0.05493481829762459,0
41973,0.10403747111558914,0
30399,0.038893092423677444,0
813,0.01702265813946724,0
11311,0.044507384300231934,0
11926,0.21670368313789368,1
7615,0.07483235001564026,0
31586,0.014118822291493416,0
14552,0.008939610794186592,0
20141,0.03603247180581093,0
10584,0.0706503838300705,0
2905,0.0029032931197434664,0
36578,0.0701696127653122,0
22958,0.07945246249437332,0
804,0.11041833460330963,1
10732,0.014669877476990223,0
6334,0.059598445892333984,0
17135,0.18853729963302612,0
40714,0.023509440943598747,0
10283,0.05792712792754173,0
15196,0.04886811599135399,0
13575,0.020284922793507576,0
19753,0.03397874906659126,0
18932,0.07732442021369934,0
43007,0.05996576324105263,0
27326,0.03154091536998749,0
33265,0.20135703682899475,1
43871,0.04098811745643616,0
26736,0.11294098943471909,1
36479,0.027104394510388374,0
15993,0.010324692353606224,0
20703,0.04073339328169823,0
10417,0.00444028852507472,0
33161,0.2785525321960449,0
19314,0.020618392154574394,0
18941,0.018101848661899567,0
28120,0.012266145087778568,0
3035,0.6499200463294983,0
32577,0.2947848439216614,0
18975,0.05362042412161827,0
25667,0.034712810069322586,0
22431,0.27782630920410156,1
27096,0.040257953107357025,0
587,0.2508123219013214,0
40756,0.010110563598573208,0
17404,0.0047074113972485065,0
11463,0.05572274327278137,0
25710,0.27623119950294495,1
16727,0.3936249911785126,0
43691,0.1190968006849289,0
11355,0.06008468195796013,0
29976,0.014029888436198235,0
9652,0.01078384555876255,0
20287,0.06850787997245789,0
31307,0.4019884467124939,1
9656,0.03340401127934456,0
13520,0.14046236872673035,0
24577,0.0876261442899704,0
38488,0.08023524284362793,0
18132,0.1364556849002838,0
36153,0.0566270612180233,0
12250,0.059462256729602814,0
817,0.00740554416552186,0
29189,0.016632884740829468,0
27564,0.005326030310243368,0
40669,0.11545837670564651,1
39759,0.012229605577886105,0
39256,0.024386992678046227,0
12994,0.03892366588115692,0
40313,0.06299315392971039,0
36186,0.15451689064502716,0
22875,0.1074196919798851,0
36367,0.2260783612728119,0
4419,0.43848657608032227,1
27421,0.05664893612265587,0
17485,0.023801401257514954,0
38138,0.017432926222682,0
44487,0.638199508190155,0
36303,0.1667477935552597,0
16694,0.3338630199432373,0
39530,0.7486134171485901,1
13340,0.02025393210351467,0
39945,0.05694396048784256,0
1843,0.056169454008340836,0
10446,0.0908183678984642,0
17467,0.14164483547210693,0
42523,0.19639886915683746,1
27411,0.006848001852631569,0
17466,0.1162319928407669,0
5120,0.015756946057081223,0
41661,0.03641220182180405,0
9584,0.3912801444530487,0
9706,0.017929330468177795,0
9753,0.0234590582549572,0
17061,0.08266141265630722,0
34640,0.05905456840991974,0
35022,0.018752092495560646,0
23105,0.046369992196559906,0
27546,0.15981611609458923,0
11437,0.08600461483001709,1
32800,0.03383101895451546,0
18187,0.07402001321315765,0
12969,0.010758152231574059,0
30223,0.045798566192388535,0
42748,0.12151441723108292,0
29000,0.018497012555599213,0
38813,0.02519337460398674,0
5115,0.2435261458158493,0
16974,0.29978546500205994,1
7158,0.02044094353914261,0
41714,0.04944679141044617,0
39592,0.03863563388586044,0
6774,0.013441761024296284,0
31362,0.01605714112520218,0
37409,0.044913362711668015,0
5615,0.017116976901888847,0
41189,0.07865069061517715,0
29737,0.013186318799853325,0
44076,0.021482069045305252,0
44379,0.05321621522307396,0
40020,0.16458247601985931,1
44359,0.32792291045188904,0
32866,0.04041532054543495,0
26605,0.058840151876211166,0
6078,0.046546850353479385,0
28017,0.005175238009542227,0
20440,0.0450267568230629,0
1442,0.11899366974830627,0
25825,0.06446121633052826,1
4076,0.04509279504418373,0
29191,0.19831980764865875,0
36286,0.06972519308328629,0
24886,0.0245194211602211,0
35522,0.09531541168689728,0
16607,0.018304644152522087,0
15331,0.02978689782321453,0
28404,0.08180588483810425,1
1106,0.0662492886185646,0
43198,0.022270819172263145,0
28152,0.08567816019058228,0
7098,0.009229353629052639,0
43364,0.008858881890773773,0
23599,0.06346345692873001,0
2298,0.043438296765089035,0
18969,0.01893424056470394,0
43040,0.0554128959774971,0
38850,0.8386102318763733,1
12584,0.1295384019613266,0
38667,0.04860539734363556,0
43518,0.009078111499547958,0
10165,0.012354356236755848,0
24646,0.02143104374408722,0
2886,0.1478751301765442,1
2527,0.07988209277391434,1
15688,0.04127652570605278,0
33113,0.030876075848937035,0
9269,0.019384637475013733,0
23877,0.008492049761116505,0
31253,0.7146454453468323,1
762,0.010466893203556538,0
13301,0.05528692528605461,0
2732,0.22508899867534637,0
9410,0.07259035110473633,0
5840,0.09248306602239609,0
31744,0.24313858151435852,0
18627,0.11795441061258316,0
44879,0.010922017507255077,0
36789,0.013547662645578384,0
29210,0.08595814555883408,0
3059,0.022253751754760742,0
31144,0.0026233254466205835,0
5053,0.05923199653625488,1
3886,0.03058440424501896,0
17636,0.045424044132232666,0
8735,0.39511406421661377,0
26235,0.036770183593034744,0
36222,0.03760156035423279,0
42016,0.5021747350692749,1
18499,0.6803159117698669,1
12495,0.38210704922676086,0
32321,0.03813007101416588,0
40933,0.13396626710891724,0
29581,0.09401693940162659,0
37274,0.14287930727005005,0
6628,0.06828557699918747,0
14566,0.028690217062830925,0
35521,0.0151647524908185,0
33775,0.188393235206604,0
5360,0.029992735013365746,0
44179,0.06657679378986359,0
36132,0.04842091724276543,0
40359,0.07380581647157669,0
15634,0.021500039845705032,0
7099,0.04202913120388985,0
2075,0.007774806581437588,0
33256,0.1086881086230278,0
236,0.04384610429406166,0
11644,0.29163244366645813,0
5402,0.006237613502889872,0
2055,0.5444909930229187,0
10155,0.7260067462921143,1
34573,0.0513814315199852,0
43188,0.06887821108102798,0
43519,0.011286919005215168,0
18292,0.4135187864303589,1
11796,0.01640191674232483,0
44088,0.14248788356781006,0
20548,0.1613147258758545,0
12083,0.5587854385375977,0
28489,0.020295945927500725,0
10454,0.09138394147157669,0
10739,0.06056429073214531,0
8818,0.015360234305262566,0
12733,0.082639679312706,0
31035,0.0058133420534431934,0
10627,0.12906290590763092,1
71,0.0752551257610321,0
42101,0.0383433997631073,1
33020,0.467377632856369,0
7596,0.08980299532413483,0
36595,0.4588116705417633,1
44732,0.12817910313606262,0
42939,0.11485429108142853,0
803,0.054621946066617966,0
38212,0.18454338610172272,0
41784,0.036172255873680115,0
3296,0.6120517253875732,1
29308,0.027241282165050507,0
7263,0.11221300810575485,0
32473,0.6205933690071106,1
32410,0.07578752934932709,0
23104,0.04817023500800133,0
37871,0.05158801004290581,0
40075,0.03614072501659393,0
4667,0.00599603122100234,0
34577,0.1542351394891739,0
436,0.6913751363754272,1
31690,0.039456650614738464,0
15477,0.05842326581478119,0
25157,0.08007021248340607,0
31119,0.140647754073143,0
4909,0.07826751470565796,1
16985,0.02607746422290802,0
15353,0.011664329096674919,0
17004,0.03247411921620369,0
23175,0.011829529888927937,0
27241,0.033167269080877304,0
258,0.4056794047355652,0
13106,0.08176010847091675,0
1013,0.03558606281876564,0
4534,0.016130056232213974,0
17857,0.10236268490552902,0
15395,0.023838335648179054,0
41468,0.5336475372314453,0
37482,0.099153533577919,0
21855,0.07509171217679977,0
35784,0.11351136863231659,0
38312,0.1591627299785614,0
40011,0.1714850515127182,0
31857,0.0315677784383297,0
19263,0.13193567097187042,0
44413,0.12817378342151642,0
18213,0.14174915850162506,0
37915,0.09615690261125565,0
34754,0.10582483559846878,0
29832,0.09958863258361816,0
23078,0.33522841334342957,1
31626,0.025188319385051727,0
30113,0.4832942485809326,0
11292,0.09695708751678467,0
6149,0.04409884288907051,0
38192,0.09978789836168289,0
17585,0.035898901522159576,0
20419,0.11270524561405182,0
12716,0.49275779724121094,0
15897,0.018872879445552826,0
29463,0.09191134572029114,1
27027,0.35221877694129944,0
38656,0.019677190110087395,0
27722,0.7144440412521362,1
42459,0.12413685023784637,0
7767,0.14907370507717133,0
21806,0.31811052560806274,1
25333,0.009517036378383636,0
17521,0.03728670999407768,0
23202,0.13938526809215546,0
24891,0.017256034538149834,0
12288,0.05668671056628227,0
19461,0.4329698085784912,0
3851,0.11432094126939774,0
1695,0.1056317612528801,0
26755,0.056815460324287415,0
18106,0.02741353027522564,0
19885,0.05704789236187935,0
38222,0.06475359201431274,0
17431,0.1532316505908966,0
16777,0.03123297728598118,1
31068,0.04685157164931297,0
13403,0.05933774262666702,0
20886,0.05542583391070366,0
35612,0.030601726844906807,0
5708,0.030512934550642967,0
28030,0.20247851312160492,0
22497,0.05343615636229515,0
11667,0.03988407924771309,0
15546,0.036519166082143784,0
4003,0.014617407694458961,0
41839,0.495559424161911,0
42331,0.021206054836511612,0
31809,0.08228620886802673,0
50,0.003268664004281163,0
39522,0.03638029098510742,0
26590,0.22961415350437164,0
28070,0.03016909770667553,0
4233,0.005637899972498417,0
39537,0.011798761785030365,0
11651,0.021269269287586212,0
43305,0.14779993891716003,0
39472,0.002494033658877015,0
28482,0.05408833920955658,0
22639,0.20279012620449066,0
44160,0.10712631791830063,0
6274,0.06423501670360565,0
24772,0.13065724074840546,0
5860,0.008673870004713535,0
43934,0.10119858384132385,0
39433,0.21740539371967316,0
42317,0.05114958807826042,0
40159,0.17208869755268097,0
35520,0.6146721243858337,1
5539,0.09615976363420486,0
40837,0.009452094323933125,0
11137,0.04415018856525421,0
49,0.03951618820428848,0
37132,0.22494930028915405,0
26102,0.737949550151825,1
760,0.5902487635612488,1
42490,0.06534426659345627,0
25902,0.2976010739803314,0
34015,0.008301430381834507,0
5387,0.15600426495075226,0
13807,0.42799752950668335,0
14221,0.05220036581158638,1
38176,0.2761366665363312,1
15049,0.0962689220905304,0
42744,0.1473439484834671,0
20523,0.1296253204345703,0
22418,0.028758617118000984,0
21674,0.02745705656707287,0
10399,0.5147848129272461,1
34853,0.029465747997164726,0
41791,0.007778515573590994,0
26214,0.015411009080708027,0
11707,0.03716307133436203,0
22122,0.060405183583498,0
2277,0.4211856424808502,0
39977,0.4034438133239746,0
25885,0.10587100684642792,0
31985,0.10979760438203812,0
12817,0.028092848137021065,0
34951,0.03810420632362366,0
42282,0.1975409984588623,1
26786,0.09232692420482635,0
5682,0.018280941992998123,0
34617,0.12098999321460724,0
21952,0.8913571238517761,1
9173,0.025729067623615265,0
21318,0.08113151043653488,0
42612,0.004150301683694124,0
1026,0.15729378163814545,0
23930,0.128596693277359,0
4743,0.06817897409200668,0
2186,0.39321857690811157,0
5722,0.217293843626976,0
42555,0.878103494644165,1
8454,0.1556699275970459,0
5983,0.009466816671192646,0
27262,0.004178259987384081,0
4252,0.064478300511837,0
24639,0.2519228160381317,1
3581,0.018748575821518898,0
16487,0.07958178967237473,0
14274,0.04306994378566742,0
29657,0.17145121097564697,0
35900,0.17740187048912048,0
30561,0.05638657882809639,0
7317,0.021125871688127518,0
37827,0.15784521400928497,1
10532,0.006871993187814951,0
10823,0.6362889409065247,0
15267,0.32112130522727966,1
15245,0.2379157394170761,1
20134,0.018783656880259514,0
41490,0.03680962324142456,0
26894,0.1075534075498581,0
31580,0.16711194813251495,0
19629,0.06354078650474548,1
9189,0.09574145823717117,0
14491,0.05432660132646561,0
39857,0.020184742286801338,0
6886,0.3723907470703125,0
39732,0.5870901942253113,1
16344,0.08312659710645676,0
38020,0.14130641520023346,0
11616,0.06831099092960358,0
29637,0.010271234437823296,0
27537,0.009549250826239586,1
39949,0.06953462958335876,0
8752,0.10847481340169907,0
40739,0.011642547324299812,0
14260,0.022783856838941574,0
21609,0.16949401795864105,0
24105,0.020815707743167877,0
16683,0.21013686060905457,0
1339,0.054122090339660645,1
23621,0.015129207633435726,0
32692,0.18366381525993347,0
32446,0.14562007784843445,0
42389,0.09772691875696182,0
43427,0.02648489736020565,0
23011,0.0431196428835392,0
2481,0.091466523706913,1
5467,0.01865643635392189,0
10216,0.01519723329693079,0
34985,0.13286033272743225,0
37963,0.09567778557538986,0
18016,0.10812529921531677,0
44296,0.014557507820427418,0
35740,0.05576184764504433,0
30983,0.3130851686000824,0
20825,0.08173515647649765,0
11828,0.10302329808473587,0
26058,0.40965017676353455,1
958,0.020863613113760948,0
31294,0.28344354033470154,0
17833,0.27272194623947144,0
44403,0.019003981724381447,0
4614,0.17565979063510895,1
29204,0.03498798608779907,0
2678,0.0054764351807534695,0
27179,0.07184451073408127,0
23794,0.1153448075056076,0
24074,0.25264492630958557,1
31512,0.011844824068248272,0
13261,0.31524747610092163,1
15326,0.5899779796600342,1
43136,0.012857833877205849,0
23383,0.3182341754436493,1
36187,0.07236205041408539,0
27024,0.05467436835169792,0
8233,0.06673956662416458,0
34038,0.4582749307155609,1
28233,0.9001222252845764,1
43586,0.15982221066951752,0
32282,0.09377823024988174,0
18283,0.05605592206120491,0
24075,0.026572730392217636,0
22445,0.2429727166891098,0
26311,0.18053360283374786,0
35446,0.3482327461242676,0
4297,0.04231749847531319,0
3446,0.18904699385166168,0
13504,0.05168487876653671,0
42586,0.09309958666563034,0
35670,0.16599233448505402,0
40255,0.13278155028820038,0
9854,0.07458468526601791,0
30156,0.09719423204660416,0
38280,0.4728009104728699,1
43260,0.013701136223971844,0
42,0.6219556331634521,1
34217,0.025249769911170006,0
32120,0.06941697001457214,1
21391,0.034137409180402756,0
42498,0.004429610446095467,0
10998,0.08445731550455093,0
31880,0.23459666967391968,0
16808,0.37322166562080383,1
42098,0.3616349399089813,0
27598,0.34319034218788147,1
30705,0.09904300421476364,0
24561,0.12986154854297638,0
21379,0.06263352930545807,0
14659,0.17783969640731812,0
9447,0.5223433375358582,1
31541,0.07730358839035034,0
12626,0.01372068002820015,0
23603,0.17180214822292328,0
2162,0.8144681453704834,1
42287,0.03451971709728241,0
28217,0.014365150593221188,0
44308,0.018644241616129875,0
11239,0.07289011776447296,0
11749,0.2701282799243927,0
11674,0.05067458376288414,0
17054,0.06797239184379578,1
10079,0.8776738047599792,1
21534,0.09217718243598938,0
7588,0.010645090602338314,0
17821,0.008971846662461758,0
36687,0.015417253598570824,0
12653,0.0740145817399025,0
25714,0.01173937227576971,0
4461,0.19882066547870636,0
23867,0.16986136138439178,0
4029,0.08537137508392334,1
10023,0.02777010016143322,0
20628,0.24610017240047455,0
23809,0.0775613859295845,0
30682,0.05922287330031395,0
33216,0.022070080041885376,0
2967,0.0037725591100752354,0
36554,0.13507744669914246,0
33163,0.10954773426055908,0
16588,0.04052742198109627,0
38720,0.0865497887134552,0
23662,0.019109470769762993,0
7500,0.4170776605606079,0
26626,0.12438523769378662,1
605,0.10336640477180481,1
22050,0.01216194685548544,0
15731,0.05844181403517723,0
16908,0.06488236039876938,0
14106,0.02200021967291832,0
28929,0.0897449478507042,0
44063,0.08253823965787888,0
4473,0.11028947681188583,1
34023,0.10501620918512344,0
299,0.0040420168079435825,0
20265,0.07133833318948746,0
44229,0.03544929251074791,0
21509,0.10212448984384537,0
31460,0.023184610530734062,0
22492,0.0687427669763565,0
8432,0.017720140516757965,0
44839,0.010100865736603737,0
42499,0.004628323018550873,0
23813,0.20187781751155853,0
5103,0.03070870414376259,0
21062,0.010886537842452526,0
18465,0.011506435461342335,0
7477,0.10499214380979538,0
5397,0.024498136714100838,0
15602,0.010622590780258179,0
38996,0.029474465176463127,0
1471,0.05154963210225105,0
41876,0.6769354343414307,1
23027,0.02487974800169468,0
15212,0.06402203440666199,0
35281,0.017518656328320503,0
16100,0.16587689518928528,1
31024,0.18254147469997406,1
13428,0.17620326578617096,1
37299,0.007569912355393171,0
35492,0.18893377482891083,1
40315,0.0057372464798390865,0
29720,0.060439735651016235,0
2810,0.06451993435621262,0
1252,0.008630936965346336,0
953,0.25052860379219055,0
9886,0.4346116781234741,1
1882,0.07994547486305237,0
37979,0.035727448761463165,0
33711,0.17039890587329865,0
14563,0.0321195051074028,0
1082,0.2449883222579956,1
42492,0.04173969104886055,0
11056,0.012767389416694641,0
13964,0.059215474873781204,0
24557,0.11236337572336197,0
25469,0.14386801421642303,1
22396,0.02382863499224186,0
30363,0.007605492137372494,0
32742,0.23567482829093933,1
40322,0.11575925350189209,0
6157,0.03249158337712288,0
36348,0.017524173483252525,0
30991,0.033721182495355606,0
16581,0.042063578963279724,0
19693,0.009112074039876461,0
20100,0.033639341592788696,0
523,0.09411383420228958,0
35865,0.028096187859773636,0
40452,0.04594404622912407,0
8904,0.30973297357559204,1
154,0.09010575711727142,0
15713,0.024519402533769608,0
25932,0.4300221800804138,0
21217,0.03389842435717583,0
44156,0.0045829047448933125,0
9142,0.08557365834712982,0
2211,0.24447964131832123,0
41616,0.028079967945814133,0
20853,0.0851694643497467,0
8134,0.015888934955000877,0
40436,0.08713628351688385,1
12556,0.06846687197685242,0
6689,0.13374930620193481,0
30274,0.029970627278089523,0
2193,0.10518744587898254,1
1911,0.31203192472457886,0
10016,0.1580563187599182,0
15948,0.9108235239982605,1
32619,0.05114276334643364,0
42796,0.06638524681329727,0
10913,0.14282232522964478,0
36677,0.01577068492770195,0
37196,0.01145077683031559,0
9338,0.004039057530462742,0
44320,0.07788742333650589,0
40083,0.03166631981730461,0
32271,0.48230183124542236,0
21746,0.024180462583899498,0
39100,0.010079433210194111,0
9619,0.00926703680306673,0
34609,0.1965978741645813,0
13212,0.09285398572683334,0
19082,0.10313426703214645,0
26147,0.040222346782684326,0
35804,0.13942356407642365,1
42128,0.013953808695077896,0
37097,0.0059243482537567616,0
239,0.03143211081624031,0
15366,0.026329705491662025,0
28978,0.2964892089366913,0
37323,0.09163261204957962,1
22008,0.025284137576818466,0
7996,0.02314961887896061,0
7362,0.09759676456451416,0
15527,0.23612457513809204,0
17760,0.060634687542915344,0
20022,0.04971051961183548,0
21653,0.4810717701911926,0
39130,0.017184028401970863,0
23239,0.04348823428153992,0
20805,0.011059808544814587,0
33179,0.014467793516814709,0
22987,0.3984251022338867,0
29949,0.21718652546405792,0
13694,0.05936182290315628,0
39826,0.2236623764038086,0
24088,0.07914218306541443,0
29944,0.5796980857849121,1
33096,0.05554544925689697,0
20568,0.22423754632472992,0
17390,0.34839075803756714,0
32411,0.0396571047604084,0
37279,0.46747589111328125,1
32697,0.06623329222202301,0
21043,0.0672663152217865,0
4772,0.4015057384967804,0
23090,0.14378514885902405,0
3990,0.15971821546554565,0
26081,0.028537336736917496,0
6122,0.008361730724573135,0
15772,0.008051256649196148,0
39022,0.045425690710544586,0
3118,0.02194483019411564,0
11720,0.12606316804885864,0
19442,0.0798187106847763,0
32640,0.10006684064865112,1
39067,0.10208967328071594,0
11732,0.1051882728934288,0
18179,0.023902298882603645,0
16402,0.014088806696236134,0
33195,0.02794496715068817,0
12035,0.337457537651062,1
12915,0.026567908003926277,0
21109,0.05124777927994728,0
5949,0.09552600234746933,0
7944,0.031204914674162865,0
35681,0.02873343974351883,0
26196,0.03146505355834961,0
6738,0.15029144287109375,0
34895,0.11196636408567429,0
20550,0.01773012802004814,0
10891,0.02212117798626423,0
19409,0.11845921725034714,0
43212,0.10078965127468109,0
1666,0.008865189738571644,0
601,0.17218010127544403,0
27895,0.05521159619092941,0
23744,0.09317588806152344,0
19301,0.012908966280519962,0
18245,0.2351023256778717,0
15369,0.5334634184837341,0
44953,0.20605623722076416,0
40224,0.17381003499031067,0
21220,0.03919816017150879,0
19414,0.016386698931455612,0
42595,0.00636184960603714,0
44774,0.26396748423576355,1
8589,0.04649871960282326,0
31411,0.05717594176530838,0
44838,0.0071068075485527515,0
26705,0.11734043806791306,0
21760,0.045707713812589645,0
40938,0.13819286227226257,0
9377,0.021964382380247116,0
7667,0.10155182331800461,0
24396,0.06211944669485092,1
9803,0.023346783593297005,0
17649,0.18601273000240326,1
42471,0.061829499900341034,0
3570,0.36184340715408325,0
10965,0.16341377794742584,0
6011,0.0710441917181015,1
33668,0.20358037948608398,0
30234,0.21774642169475555,0
38826,0.057419318705797195,0
30984,0.007915270514786243,0
8183,0.05916030704975128,0
4085,0.2970678508281708,0
2188,0.04519989714026451,0
20933,0.00547514483332634,0
18676,0.010575716383755207,0
19197,0.005045146215707064,1
31153,0.04123900085687637,0
21064,0.04155958071351051,1
37989,0.07282048463821411,1
41426,0.009221151471138,0
28795,0.011576472781598568,0
18357,0.13133300840854645,0
16555,0.003795021679252386,0
2113,0.03280007094144821,0
41392,0.033118557184934616,0
15171,0.3845699727535248,0
32190,0.1350906789302826,0
24649,0.2418373078107834,0
11019,0.0378059484064579,0
32756,0.04884451627731323,0
36608,0.012504381127655506,0
16610,0.17732326686382294,0
2916,0.3406261205673218,0
24245,0.03258809819817543,0
3655,0.6062403917312622,1
2184,0.04450514540076256,0
27226,0.5229213833808899,1
40668,0.02076406031847,0
1276,0.07902061939239502,0
42396,0.11077149212360382,0
7921,0.598007082939148,1
14738,0.950372040271759,1
34867,0.03798086941242218,0
10906,0.024180946871638298,0
43293,0.23296242952346802,0
43659,0.06807441264390945,0
25243,0.24752148985862732,0
10685,0.08399160951375961,0
2793,0.22223931550979614,0
3641,0.10551828891038895,0
43856,0.346712589263916,0
28910,0.024297766387462616,0
31644,0.5350639224052429,1
25099,0.12430904060602188,0
3811,0.027304373681545258,0
13527,0.12351708114147186,0
5968,0.37522947788238525,0
27740,0.04751065745949745,1
19965,0.13296249508857727,0
32884,0.059710752218961716,0
9812,0.04698972404003143,0
43464,0.3782949149608612,1
9967,0.266441285610199,0
38737,0.0029199824202805758,0
15365,0.0926583930850029,0
22106,0.02192327007651329,0
14601,0.04804101213812828,0
40151,0.034527577459812164,0
19540,0.00923022162169218,0
33654,0.06749118119478226,0
22940,0.06075719743967056,0
3925,0.047388575971126556,0
25076,0.22318865358829498,0
29260,0.39386850595474243,0
10430,0.012982760556042194,0
34062,0.20255407691001892,0
3044,0.08218498528003693,0
11898,0.009062797762453556,0
36205,0.01033681258559227,0
6426,0.022008245810866356,0
32291,0.017493290826678276,0
32940,0.005307991523295641,0
10716,0.05819198116660118,0
8971,0.01072510052472353,0
33977,0.0968504250049591,0
28315,0.03123740293085575,0
12444,0.0027825506404042244,0
36837,0.13349036872386932,0
5341,0.07763585448265076,0
38504,0.07510477304458618,0
15742,0.04195830971002579,0
36634,0.04670896753668785,0
3419,0.6550735831260681,0
36362,0.41556546092033386,0
31412,0.04203179106116295,0
23320,0.140407994389534,0
22452,0.10363513231277466,0
35854,0.8498752117156982,0
17566,0.058559682220220566,0
27922,0.7667635679244995,1
7059,0.02653093822300434,0
11150,0.018794426694512367,0
23053,0.03246062994003296,0
13438,0.3401934802532196,1
20079,0.13866694271564484,1
12821,0.1432214230298996,0
39042,0.11848393827676773,0
18563,0.04119320213794708,0
38216,0.038959160447120667,0
7878,0.23595689237117767,0
7336,0.03449803218245506,0
27568,0.09167012572288513,1
31947,0.048468198627233505,0
16146,0.08852872252464294,0
30625,0.013824529945850372,0
9549,0.0516345351934433,0
2549,0.058407437056303024,0
1870,0.01752038113772869,0
9111,0.1097748875617981,1
31590,0.014100846834480762,0
7844,0.02496368996798992,0
423,0.3671219050884247,0
27894,0.09425219148397446,0
6896,0.038256917148828506,0
42180,0.36842575669288635,0
30369,0.08654066920280457,0
530,0.12101831287145615,0
3427,0.03003045730292797,0
27113,0.08857240527868271,0
22461,0.1910482794046402,0
29410,0.04922889545559883,0
36728,0.024131836369633675,0
1272,0.04771920666098595,0
44311,0.03335976600646973,0
3505,0.07923708856105804,0
34675,0.03255721926689148,0
21061,0.016361892223358154,0
22837,0.016128309071063995,0
19902,0.06639934331178665,0
42894,0.019235005602240562,0
15490,0.01923391781747341,0
44549,0.02084638923406601,0
11638,0.13673578202724457,0
7374,0.09466730058193207,0
16016,0.020860524848103523,0
9466,0.30517297983169556,0
15039,0.03532453998923302,0
20203,0.028762372210621834,0
5675,0.20476266741752625,0
9106,0.5116298794746399,1
22535,0.47436144948005676,0
18320,0.010478165000677109,0
23760,0.07978904992341995,0
7161,0.2971574366092682,1
27055,0.029806412756443024,0
19933,0.1988983303308487,0
14443,0.15317511558532715,0
32822,0.04882805049419403,1
10992,0.014984686858952045,0
21846,0.035142309963703156,1
15675,0.10324092209339142,0
24844,0.13301624357700348,0
40192,0.0812557190656662,0
33780,0.01895306631922722,0
35911,0.18472504615783691,0
42434,0.10810110718011856,0
43642,0.5894712209701538,0
40330,0.1401696652173996,0
17781,0.024750877171754837,0
33322,0.021454162895679474,0
19801,0.2278434783220291,0
36999,0.016139328479766846,0
42267,0.11396069079637527,0
19587,0.056864578276872635,0
18205,0.034338563680648804,0
44364,0.20509277284145355,0
35199,0.20574060082435608,0
19631,0.01569214090704918,0
973,0.13496114313602448,0
1370,0.26733362674713135,0
7653,0.18414956331253052,0
43473,0.011438265442848206,0
27842,0.042318060994148254,0
5697,0.31434985995292664,1
10140,0.06934267282485962,0
20332,0.06284438073635101,0
7029,0.12486552447080612,0
1006,0.009586733765900135,0
42720,0.07805944234132767,0
39971,0.02297217771410942,0
26500,0.020059684291481972,0
42192,0.010026166215538979,0
44780,0.9753395915031433,1
29842,0.05991655960679054,0
44031,0.21177731454372406,1
36864,0.12677907943725586,0
14031,0.009042009711265564,0
42560,0.010864818468689919,0
24083,0.018730411306023598,0
30196,0.043272458016872406,0
495,0.1706445962190628,0
27984,0.03486539050936699,0
5878,0.6481616497039795,0
32097,0.021955769509077072,0
25119,0.0038442672230303288,0
20323,0.061621494591236115,0
3252,0.07172339409589767,0
44982,0.5639992356300354,1
19253,0.0549759641289711,0
12849,0.1898275911808014,0
8458,0.005542899947613478,0
482,0.11007345467805862,0
38939,0.3707500994205475,1
1317,0.032155487686395645,0
5207,0.01117295678704977,0
8069,0.37027987837791443,0
15618,0.019185692071914673,0
23508,0.639301061630249,1
17619,0.04430808126926422,0
39297,0.09969723224639893,0
30785,0.12362867593765259,0
2847,0.03717375174164772,0
7182,0.18805979192256927,0
31477,0.05837108939886093,0
17047,0.3859846591949463,0
32720,0.10205822438001633,0
20576,0.06711295992136002,0
39254,0.02265278808772564,0
23521,0.03723091632127762,0
7686,0.03659330680966377,0
11683,0.007260663900524378,0
16802,0.004927829839289188,0
16031,0.018099937587976456,0
35216,0.03885902091860771,1
4298,0.026411060243844986,0
13387,0.8031228184700012,1
11136,0.9422292113304138,0
44762,0.09410415589809418,0
11271,0.020537901669740677,0
12228,0.10978079587221146,0
34800,0.037748198956251144,0
42950,0.07780777662992477,0
3063,0.015289840288460255,0
8320,0.15749472379684448,1
7626,0.006022945512086153,0
12717,0.024316871538758278,0
4291,0.04183784872293472,0
14866,0.20060567557811737,0
2022,0.30730998516082764,1
40244,0.026290755718946457,0
42088,0.13296890258789062,0
38163,0.09965847432613373,0
33330,0.03447240591049194,0
15902,0.050137631595134735,0
34851,0.01332416944205761,0
43652,0.17582423985004425,0
39003,0.02633974328637123,0
44449,0.0227020513266325,0
21406,0.5305160880088806,0
3438,0.06535039097070694,0
12792,0.011197284795343876,0
7022,0.05264820158481598,1
35044,0.008633209392428398,0
3912,0.011307893320918083,0
37595,0.02521650306880474,0
15117,0.26461365818977356,0
30030,0.11788786202669144,0
1971,0.10395655781030655,0
1103,0.021000733599066734,0
5418,0.07476303726434708,0
2923,0.3750717043876648,0
6374,0.34062254428863525,0
8184,0.08134891837835312,0
31368,0.021472714841365814,0
36948,0.013403987511992455,0
41993,0.032305363565683365,0
21339,0.0267159566283226,0
6039,0.07671402394771576,1
3568,0.020640624687075615,0
10533,0.008758742362260818,0
40953,0.032680075615644455,0
5621,0.26906800270080566,0
17076,0.04038677737116814,0
280,0.03344384953379631,0
22046,0.4471290111541748,0
8562,0.33953267335891724,0
36805,0.061847180128097534,0
5998,0.04305368289351463,0
31931,0.5041325092315674,0
21361,0.020175065845251083,0
11300,0.47760698199272156,0
3033,0.10155180096626282,0
24921,0.21593241393566132,0
5097,0.12011898308992386,0
3896,0.038812313228845596,0
24432,0.012983730994164944,0
39145,0.0071860989555716515,0
41520,0.025288328528404236,0
22794,0.10884635150432587,0
18526,0.08681954443454742,0
38616,0.2464560866355896,1
8255,0.08598124980926514,0
454,0.5933262705802917,0
44350,0.13512806594371796,1
43865,0.013424515724182129,0
11038,0.05001019686460495,0
9563,0.4081197679042816,1
26152,0.3696591854095459,0
21676,0.41841790080070496,1
38357,0.04016783833503723,0
37107,0.6484478712081909,1
19925,0.07328006625175476,0
19229,0.0905689001083374,0
33712,0.06996195763349533,0
33680,0.018540503457188606,0
36982,0.613797128200531,1
35439,0.017008589580655098,0
27479,0.010489927604794502,0
43034,0.1169450506567955,0
6308,0.019523313269019127,0
36333,0.07961376756429672,0
34211,0.016839291900396347,0
22085,0.02936471439898014,0
22743,0.25374123454093933,0
9633,0.4187679588794708,1
5300,0.023869086056947708,0
12532,0.010427102446556091,0
32402,0.030716031789779663,0
40488,0.12866589426994324,0
28370,0.010686667636036873,0
28601,0.10878860205411911,1
1209,0.06146079674363136,0
2575,0.06587253510951996,0
5816,0.02806234546005726,0
17128,0.017077064141631126,0
14653,0.03437437862157822,0
37189,0.0181333739310503,0
1780,0.10893097519874573,0
33812,0.09292685240507126,0
43223,0.4662868082523346,0
37561,0.030472462996840477,0
44682,0.042937178164720535,0
39421,0.09244757890701294,1
9404,0.06101885065436363,0
29749,0.16401320695877075,0
21008,0.024214008823037148,0
29896,0.09141208231449127,0
35642,0.122837133705616,0
4975,0.13632872700691223,0
10589,0.015983447432518005,0
11459,0.06963800638914108,0
17108,0.01937691681087017,0
39720,0.5502012372016907,1
25178,0.07248686254024506,0
33409,0.05132389813661575,0
7056,0.15516501665115356,0
12643,0.0038725389167666435,0
17994,0.19780409336090088,0
25561,0.06354925781488419,0
14598,0.02882649190723896,0
1254,0.07881387323141098,0
22287,0.012959483079612255,0
12752,0.007402075454592705,0
35637,0.021751919761300087,0
22450,0.053190428763628006,0
8291,0.04348753020167351,0
39748,0.12490890175104141,0
18344,0.11236408352851868,0
40064,0.39684733748435974,1
24489,0.6617029309272766,0
39909,0.07439453154802322,0
29474,0.03380071744322777,0
26302,0.01585119217634201,0
43942,0.04638340324163437,0
13831,0.10428719967603683,0
21042,0.09177134931087494,0
28204,0.020064428448677063,0
35947,0.12372758984565735,0
31653,0.1836240291595459,1
6682,0.11655721813440323,0
1458,0.008382522501051426,0
4823,0.8241316676139832,1
41640,0.01293815765529871,0
44649,0.09418579190969467,0
31601,0.012265577912330627,0
35496,0.00843078177422285,0
39685,0.24419938027858734,0
23553,0.048759233206510544,0
27327,0.019421447068452835,0
37291,0.03675172105431557,0
20854,0.03467591851949692,0
36936,0.03732135519385338,0
42641,0.2916243076324463,0
23340,0.00870540365576744,0
25574,0.004443672951310873,0
18630,0.1865672916173935,1
9226,0.7404443621635437,0
32947,0.007724379654973745,0
42466,0.056419894099235535,0
4710,0.01199499610811472,0
24041,0.03775209188461304,0
39141,0.0842779278755188,0
32934,0.06347622722387314,0
2206,0.05725860968232155,0
32837,0.06362397223711014,0
107,0.014157017692923546,0
28433,0.027456412091851234,0
41482,0.34597158432006836,1
38072,0.1009569764137268,0
38796,0.15567082166671753,0
7141,0.050188999623060226,0
39568,0.05207505822181702,0
37978,0.04048839211463928,0
21606,0.16780966520309448,0
38809,0.045150451362133026,0
37076,0.16916295886039734,0
34592,0.03004649095237255,0
10971,0.1928330361843109,0
406,0.03693830594420433,0
37130,0.05370338633656502,0
2220,0.12030693888664246,0
28312,0.0185034591704607,0
17812,0.023232383653521538,0
22337,0.016028305515646935,0
17868,0.0014894258929416537,0
15138,0.07610683888196945,0
37203,0.2331652045249939,1
2466,0.5946258306503296,0
3615,0.06903008371591568,1
29712,0.31454339623451233,0
26480,0.13457567989826202,0
37043,0.06426429003477097,0
33512,0.3185473680496216,0
14152,0.4455353021621704,1
8284,0.09487642347812653,0
4278,0.054749466478824615,0
36921,0.07715108245611191,0
35359,0.013212161138653755,0
29371,0.07525985687971115,0
15567,0.4595012068748474,0
23333,0.07162288576364517,0
33196,0.025440800935029984,0
11106,0.2965065538883209,0
17937,0.03881322965025902,0
19647,0.025636905804276466,0
12523,0.018157411366701126,0
12317,0.12598255276679993,0
44991,0.04049723967909813,0
37597,0.054954756051301956,0
37570,0.06321117281913757,0
6361,0.06020181253552437,0
27850,0.9803507924079895,1
513,0.1175328865647316,1
7025,0.10314295440912247,0
11340,0.03426329419016838,0
38515,0.196703240275383,0
31263,0.5767759680747986,1
22796,0.013878799974918365,0
32596,0.013951387256383896,0
711,0.13606008887290955,0
2337,0.015406155958771706,0
32113,0.06382682174444199,0
24730,0.1320764124393463,0
8962,0.04535960033535957,0
43449,0.10825483500957489,0
39241,0.014376949518918991,0
2383,0.5915168523788452,0
13052,0.005855151452124119,0
42602,0.019947418943047523,0
31346,0.19350862503051758,0
29866,0.016320159658789635,0
3471,0.015273172408342361,0
29820,0.013406761921942234,0
40247,0.03127770870923996,0
3198,0.230917289853096,1
15908,0.5839892029762268,0
44767,0.008176916278898716,0
41678,0.4655469059944153,1
28674,0.2891419529914856,0
27236,0.07024702429771423,1
31338,0.02127661556005478,0
9087,0.06517456471920013,0
20087,0.011026937514543533,0
32036,0.9086132049560547,1
34603,0.03132356330752373,0
6438,0.47580814361572266,0
1522,0.4395923912525177,1
18234,0.006933901458978653,0
25432,0.03269112482666969,0
23826,0.0023782188072800636,0
44871,0.20536169409751892,1
14422,0.053582675755023956,0
27923,0.84804767370224,1
38499,0.025022415444254875,0
15832,0.05546233430504799,0
28684,0.06904493272304535,0
4396,0.09068365395069122,0
38733,0.07479985803365707,0
1237,0.733124852180481,0
10004,0.20417679846286774,1
36782,0.02993507869541645,0
10065,0.13566531240940094,0
13003,0.034027114510536194,0
23270,0.022913191467523575,0
39680,0.18838226795196533,0
28048,0.17790952324867249,0
11255,0.05620235577225685,0
41088,0.04601189121603966,0
26420,0.011067263782024384,0
15254,0.009028309024870396,0
4440,0.013244491070508957,0
17882,0.051117025315761566,0
32460,0.3412061035633087,0
38016,0.05615874007344246,1
41051,0.5555256009101868,1
5862,0.06585504114627838,0
29790,0.04649673402309418,0
767,0.06780906766653061,0
6173,0.3241029977798462,1
10270,0.10826896131038666,1
44309,0.0507238432765007,0
43165,0.015750957652926445,0
39750,0.005094073247164488,0
14656,0.19907772541046143,0
37619,0.040587373077869415,0
28700,0.03985614329576492,0
40830,0.20386943221092224,0
19854,0.009471297264099121,0
2707,0.12216560542583466,1
16299,0.04626592993736267,0
44803,0.07759932428598404,0
3452,0.1649266928434372,1
5029,0.06058459356427193,0
1879,0.6910228133201599,0
7816,0.08553745597600937,0
13633,0.09148921072483063,0
16661,0.09810049831867218,0
28463,0.11942758411169052,0
39019,0.3115670382976532,0
40483,0.013738482259213924,0
18223,0.005875203292816877,0
38612,0.06405625492334366,0
21490,0.2491333782672882,0
7138,0.04842532426118851,0
41792,0.08649443089962006,0
315,0.4882566034793854,1
31966,0.03944980353116989,0
22484,0.08912110328674316,0
44712,0.0362798348069191,0
25681,0.3599204421043396,0
33371,0.01135253719985485,0
32999,0.05608241632580757,0
15202,0.022899078205227852,0
29455,0.03798073157668114,0
6996,0.02962564490735531,0
6914,0.0388314425945282,0
41622,0.25343918800354004,0
31436,0.009331794455647469,0
2037,0.05911261588335037,0
44724,0.03804246336221695,0
11363,0.1055794432759285,0
31611,0.013877848163247108,0
29507,0.010099583305418491,0
28341,0.08315660059452057,0
25513,0.10373659431934357,0
23147,0.014825998805463314,0
44648,0.026415131986141205,0
17549,0.01983058825135231,0
28876,0.14346279203891754,0
44970,0.11797123402357101,0
27422,0.02231900580227375,0
20492,0.019458726048469543,0
875,0.217048779129982,0
18434,0.002655977150425315,0
38060,0.023424966260790825,0
4483,0.021530507132411003,0
39596,0.24645228683948517,0
22037,0.11727345734834671,0
28201,0.01999267004430294,0
571,0.0027480297721922398,0
28479,0.04014015197753906,0
13273,0.013411998748779297,0
24406,0.1311488002538681,0
4559,0.11620228737592697,1
27054,0.007982050068676472,0
42052,0.026075296103954315,0
1435,0.31253400444984436,1
1418,0.07666997611522675,1
25039,0.012963227927684784,0
26706,0.5623982548713684,1
24674,0.024620771408081055,0
14060,0.07438551634550095,0
9540,0.41417592763900757,0
19262,0.02304510958492756,0
31127,0.3479701280593872,0
27937,0.016454271972179413,0
20237,0.10678895562887192,0
17330,0.15946798026561737,0
3017,0.1258591115474701,0
7377,0.05479849502444267,0
39106,0.12062335014343262,0
17961,0.022193316370248795,0
22094,0.4800362288951874,0
622,0.004501333925873041,0
3819,0.34082648158073425,0
42372,0.03516419976949692,0
13456,0.01088001299649477,0
26752,0.11853304505348206,1
43976,0.04736792668700218,0
44868,0.15805181860923767,0
7810,0.04008462280035019,0
7365,0.10594681650400162,0
33762,0.014060995541512966,0
11494,0.03289720416069031,0
27828,0.004837217275053263,0
20316,0.16197319328784943,0
6119,0.14822565019130707,1
40425,0.006421871483325958,0
34353,0.15327349305152893,0
30061,0.17559760808944702,0
33507,0.15202447772026062,1
23724,0.2230893224477768,0
2870,0.05400073900818825,0
181,0.15803925693035126,0
723,0.22278383374214172,1
13389,0.1914771944284439,0
40416,0.22310498356819153,0
9284,0.07165814936161041,0
5939,0.008233383297920227,0
22926,0.0089112538844347,0
4583,0.08721952140331268,0
42330,0.10774083435535431,0
37412,0.05303086340427399,1
43103,0.01048194244503975,0
14804,0.10554005205631256,0
6146,0.3760353922843933,0
10187,0.09950524568557739,0
36802,0.13903245329856873,0
8203,0.08300116658210754,0
7623,0.35422566533088684,1
42445,0.0865672156214714,0
25221,0.05028260871767998,0
11173,0.2463560253381729,1
14086,0.12344467639923096,0
9622,0.17426036298274994,1
16459,0.024027088657021523,0
5472,0.01543407142162323,0
5701,0.14946605265140533,0
27560,0.45733556151390076,1
40063,0.026942482218146324,0
31052,0.10725484043359756,0
32726,0.2691260278224945,1
26474,0.21001029014587402,0
16807,0.102083221077919,0
17552,0.059816811233758926,0
44121,0.1693297028541565,0
40002,0.13707806169986725,0
22760,0.04513339325785637,0
19745,0.009787405841052532,0
36341,0.006986379623413086,0
25278,0.023305894806981087,0
2434,0.010119347833096981,0
34349,0.044300466775894165,0
28249,0.20557531714439392,0
43139,0.0848998948931694,0
38874,0.09174777567386627,0
7851,0.022956231608986855,0
12706,0.0237477608025074,0
16283,0.03942039608955383,0
29582,0.0863543227314949,0
2501,0.7415592074394226,0
156,0.08201190829277039,0
2894,0.009862285107374191,0
43190,0.11206434667110443,0
27253,0.06766648590564728,0
9755,0.16529199481010437,0
9635,0.09864727407693863,0
43914,0.023665910586714745,0
34721,0.02075451798737049,0
18415,0.08252096176147461,0
12383,0.0354049913585186,0
29693,0.006974589545279741,0
14364,0.019991783425211906,0
29661,0.06231945753097534,0
17319,0.06072009354829788,0
4008,0.5323374271392822,0
8601,0.01735762320458889,0
39490,0.13723279535770416,0
25218,0.018272535875439644,0
14689,0.1993395984172821,0
17439,0.030055884271860123,0
6186,0.15143898129463196,0
1463,0.12993693351745605,0
3228,0.007166428491473198,0
9741,0.8723623752593994,1
20877,0.029951851814985275,0
33636,0.03260456398129463,0
2591,0.01828010194003582,0
9227,0.05483206734061241,0
34810,0.17878581583499908,0
29835,0.07007268071174622,0
26209,0.7320878505706787,0
26777,0.04314856231212616,0
11525,0.02596384286880493,0
24277,0.013682134449481964,0
10566,0.009243989363312721,0
27590,0.12267576158046722,0
18632,0.01413966529071331,0
3275,0.0599311962723732,0
2145,0.09886626154184341,0
507,0.032405246049165726,0
40895,0.07632845640182495,0
37910,0.6225669384002686,0
3138,0.42373451590538025,1
1427,0.17324821650981903,0
2592,0.27461859583854675,0
16815,0.047571536153554916,0
17201,0.26918667554855347,0
16236,0.006420767400413752,0
40450,0.05174366757273674,0
4066,0.006914963014423847,0
1407,0.07670892030000687,0
17511,0.015389167703688145,0
44405,0.3707517385482788,1
6248,0.6025464534759521,1
15095,0.17442743480205536,0
12014,0.371844083070755,0
10199,0.010116773657500744,0
9923,0.17197908461093903,0
29730,0.05494758114218712,0
32152,0.14712142944335938,0
2947,0.049808528274297714,0
957,0.3612388074398041,1
41042,0.04992098733782768,0
34299,0.03836258873343468,0
39296,0.1342119425535202,0
39679,0.007960936985909939,0
9766,0.03635280579328537,0
32437,0.14797110855579376,0
13593,0.2654333710670471,0
14903,0.33041396737098694,0
13228,0.6551833152770996,1
4778,0.06630761921405792,0
35868,0.15433751046657562,0
40901,0.007297729142010212,0
23039,0.35952895879745483,1
27454,0.08385950326919556,0
19217,0.08806196600198746,0
17272,0.48518428206443787,1
43620,0.9516717791557312,1
8506,0.07066013664007187,0
31484,0.23756060004234314,0
39025,0.06047635152935982,0
9675,0.02960950881242752,0
38895,0.8980137705802917,1
30348,0.09358559548854828,1
29760,0.551252543926239,1
2885,0.013114122673869133,0
22480,0.018871236592531204,0
34840,0.18844713270664215,1
7710,0.14105293154716492,0
4238,0.1948932707309723,0
9561,0.022621940821409225,0
4383,0.009319490753114223,0
38125,0.2639487385749817,0
9790,0.38685664534568787,1
14224,0.3789816200733185,0
4071,0.5313646793365479,0
35384,0.10764652490615845,0
167,0.36265191435813904,0
40191,0.06761302053928375,0
36028,0.07196640223264694,0
11964,0.1398068517446518,0
2209,0.6816377639770508,1
24500,0.2606082260608673,0
26134,0.38409122824668884,0
15995,0.07188881188631058,0
38344,0.003979339264333248,0
6972,0.45906251668930054,0
17877,0.04451641067862511,0
16601,0.06496221572160721,1
43525,0.010182245634496212,0
11540,0.44271647930145264,1
6948,0.1574207842350006,1
24934,0.028351934626698494,0
33958,0.21840569376945496,0
20398,0.15401139855384827,0
18635,0.009863617829978466,0
14324,0.042007047683000565,0
12843,0.0092787379398942,0
17562,0.08596573770046234,0
26622,0.01326358038932085,0
7984,0.008666886016726494,0
17250,0.5647308230400085,1
34343,0.7788180708885193,1
18605,0.006677493453025818,0
7586,0.15412881970405579,0
3309,0.06518524140119553,0
39424,0.10697285085916519,0
32156,0.17877207696437836,0
18891,0.11871577799320221,0
4485,0.6199784278869629,0
19322,0.056860167533159256,0
9143,0.09855812042951584,0
1691,0.011045142076909542,0
5588,0.04804624617099762,0
13860,0.4340268075466156,0
36894,0.007642097771167755,0
36883,0.4671003818511963,0
37373,0.03046567738056183,0
14458,0.20097921788692474,0
3465,0.054272059351205826,0
31001,0.05900736525654793,0
16943,0.03335348516702652,0
23871,0.07134312391281128,0
7208,0.060079243034124374,0
28107,0.05745401605963707,0
7995,0.014522082172334194,0
10526,0.10399527102708817,0
31358,0.0051221661269664764,0
15163,0.08853422850370407,1
26667,0.16366079449653625,0
29761,0.0936829224228859,0
32615,0.07484431564807892,0
15976,0.057482779026031494,0
35634,0.04984156787395477,0
33533,0.3822994828224182,0
5564,0.008656044490635395,0
25199,0.025389470160007477,0
38211,0.1874455064535141,0
5462,0.019318299368023872,0
33467,0.6457603573799133,0
6379,0.09443565458059311,0
32203,0.1252264678478241,0
31560,0.08644472807645798,0
16256,0.11827297508716583,0
23483,0.0030560556333512068,0
43538,0.03310703858733177,0
12668,0.011739869602024555,0
40230,0.013086178340017796,0
9119,0.04210272431373596,0
37687,0.0923948809504509,1
36337,0.11212603747844696,0
43649,0.023238953202962875,0
7346,0.12202297151088715,0
12534,0.020311648026108742,0
25192,0.05419621616601944,0
14023,0.08213599026203156,0
409,0.14188705384731293,0
36812,0.015653982758522034,0
32353,0.022326763719320297,0
42710,0.009516564197838306,0
32665,0.007298496086150408,0
6988,0.17878440022468567,0
35168,0.7597909569740295,0
32266,0.11866103112697601,0
7925,0.09048207849264145,0
32639,0.1250602900981903,0
19870,0.016831643879413605,0
6032,0.084078848361969,0
3665,0.3892033100128174,0
18425,0.08946508914232254,0
41098,0.08537197858095169,0
41858,0.5192309617996216,1
21215,0.20900535583496094,1
25106,0.12260586768388748,0
24056,0.06891103088855743,0
31810,0.05508333072066307,0
28325,0.3372095823287964,1
7763,0.033030807971954346,1
30573,0.3257247507572174,0
28155,0.026993677020072937,0
43051,0.08835949748754501,0
25959,0.08011520653963089,0
988,0.5889972448348999,1
39546,0.0807059034705162,0
8537,0.10693898797035217,0
23883,0.18548165261745453,0
6746,0.28634241223335266,1
19720,0.07517439872026443,0
3527,0.013918351382017136,0
19395,0.04957497864961624,0
23369,0.36976268887519836,0
6853,0.37297773361206055,0
10290,0.08591318130493164,0
28151,0.03223734721541405,0
40982,0.02729083225131035,0
11045,0.32854658365249634,0
27285,0.04085872322320938,0
27313,0.016159867867827415,0
33844,0.0251496322453022,0
25135,0.03923797234892845,0
14730,0.009817426092922688,0
15893,0.09555772691965103,0
32828,0.019644785672426224,0
13092,0.024810345843434334,0
32932,0.07921849191188812,0
8003,0.032396651804447174,0
43014,0.063732147216796875,0
26873,0.005962851922959089,0
32771,0.033015549182891846,0
33719,0.016090158373117447,0
8684,0.013421926647424698,0
34941,0.03094269149005413,0
33489,0.03424922004342079,0
6100,0.02529524639248848,0
27565,0.03612261638045311,0
6112,0.23951935768127441,0
44456,0.04622659832239151,0
4898,0.012314442545175552,0
1076,0.18742765486240387,0
23238,0.07931632548570633,0
33590,0.023628059774637222,0
29684,0.7673840522766113,1
43050,0.018529850989580154,0
4994,0.03596113994717598,1
36491,0.01143200695514679,0
26456,0.01628054678440094,0
25652,0.5262569189071655,1
12348,0.02349098213016987,0
25298,0.10161904245615005,1
42610,0.09467165172100067,0
2089,0.0435483418405056,0
14175,0.13270920515060425,0
2862,0.002601374639198184,0
34272,0.22791023552417755,0
14834,0.016730044037103653,0
13780,0.05769944190979004,0
28794,0.43286505341529846,1
3086,0.028469065204262733,0
4112,0.013117196969687939,0
11826,0.5966073870658875,1
34104,0.9700568318367004,1
8080,0.06715886294841766,0
34447,0.007097712252289057,0
29281,0.36395585536956787,0
22575,0.21520552039146423,0
4538,0.8284108638763428,1
43011,0.1461872160434723,1
17555,0.01181082148104906,0
38726,0.06559677422046661,0
31467,0.0141708143055439,0
10850,0.2953796982765198,0
1319,0.10943008959293365,0
40281,0.009316801093518734,0
22817,0.053814876824617386,0
41072,0.02118411473929882,0
11364,0.3277166485786438,1
728,0.16653931140899658,0
1969,0.03405402973294258,0
37583,0.44613540172576904,0
10567,0.04751743748784065,0
40175,0.04429497569799423,0
20427,0.13257057964801788,0
27132,0.010328147560358047,0
12157,0.014036875218153,0
5251,0.8928108811378479,1
3031,0.02080272138118744,0
18293,0.04462837427854538,0
15402,0.15588654577732086,0
7189,0.010804439894855022,0
43084,0.04439299926161766,0
17939,0.014563089236617088,0
43537,0.02019760198891163,0
18491,0.06084662675857544,0
38417,0.6479527354240417,1
20631,0.017404256388545036,0
38282,0.07293347269296646,0
8720,0.013160085305571556,0
17639,0.04476938769221306,0
35453,0.023476945236325264,0
24584,0.14057661592960358,0
13602,0.005228809546679258,0
27380,0.01904175989329815,0
4242,0.007285962346941233,0
14351,0.19127534329891205,0
28559,0.0844317078590393,1
32484,0.11415489763021469,1
44646,0.46712440252304077,1
10622,0.02096143178641796,0
17071,0.01625411957502365,0
35235,0.13709256052970886,0
25697,0.13236208260059357,0
18305,0.17096072435379028,0
33279,0.2684348523616791,0
29056,0.14359667897224426,0
21969,0.02617649920284748,0
36978,0.006285450886934996,0
36800,0.019037457183003426,0
33452,0.2109881341457367,0
18929,0.1635306030511856,1
8729,0.0664881095290184,0
11071,0.016984816640615463,0
12641,0.06807441264390945,0
9364,0.03596753627061844,0
17570,0.06543075293302536,0
33405,0.020335840061306953,0
22468,0.26355457305908203,1
22660,0.1994725465774536,1
10636,0.2118947058916092,0
23364,0.17054198682308197,0
12881,0.02074373885989189,0
17795,0.006063560023903847,0
10747,0.07701903581619263,0
35703,0.02001221664249897,0
35651,0.009192239493131638,0
43207,0.029789937660098076,0
28270,0.5223737359046936,1
2942,0.1721964180469513,0
24322,0.07103210687637329,1
44849,0.026750672608613968,0
2165,0.07625105232000351,0
33266,0.03511454164981842,0
41629,0.15887704491615295,0
31251,0.02204553782939911,0
27702,0.18745040893554688,0
43658,0.15174144506454468,0
5363,0.6969989538192749,1
10190,0.11765136569738388,0
12364,0.1776076853275299,1
37161,0.08469104021787643,0
20057,0.23456229269504547,0
36992,0.16317321360111237,1
24917,0.20596790313720703,0
42973,0.15706749260425568,0
34757,0.059813931584358215,0
2612,0.04652339965105057,0
27361,0.20503394305706024,0
9897,0.036585647612810135,1
44509,0.008558246307075024,0
19667,0.07282019406557083,0
29468,0.19181054830551147,0
19189,0.03572254627943039,0
13326,0.49209064245224,1
7064,0.2044447511434555,1
39413,0.14763768017292023,0
1520,0.16960641741752625,0
30961,0.1031222715973854,0
35785,0.019271120429039,0
10857,0.16988837718963623,0
25654,0.007669542916119099,0
19971,0.09346262365579605,0
3212,0.03602975606918335,0
27153,0.18418700993061066,0
235,0.14365814626216888,0
41414,0.4581352174282074,0
13939,0.055226799100637436,0
11767,0.7354906797409058,0
18264,0.23604300618171692,1
32022,0.0795140340924263,0
32158,0.06387919932603836,0
38639,0.24844326078891754,0
2070,0.14241018891334534,0
40133,0.018074670806527138,0
9750,0.03113670088350773,0
1973,0.4159330725669861,1
22666,0.047901540994644165,0
40301,0.1887970119714737,1
32248,0.005092401057481766,0
36622,0.1892338991165161,0
5092,0.03440330922603607,0
27703,0.076995849609375,0
3278,0.046790268272161484,0
24216,0.04054431989789009,0
8990,0.02825971320271492,0
4466,0.020014189183712006,0
8173,0.09578617662191391,0
27644,0.23071801662445068,0
19021,0.11427764594554901,0
23893,0.09020529687404633,0
43388,0.06089272350072861,0
7166,0.04248358681797981,0
28786,0.10345949977636337,0
30602,0.023257821798324585,0
322,0.41721826791763306,1
20241,0.030425552278757095,0
21187,0.08002534508705139,0
37756,0.055003613233566284,0
3814,0.016197780147194862,0
25415,0.07120685279369354,0
2756,0.013432778418064117,0
44286,0.09431611746549606,0
32019,0.08929238468408585,0
833,0.051481619477272034,0
20526,0.42687830328941345,0
7269,0.054177552461624146,0
32243,0.061037350445985794,0
14429,0.225999116897583,1
34946,0.46324586868286133,0
11010,0.3797261714935303,0
36401,0.23779670894145966,1
11527,0.16111460328102112,0
2658,0.0056480057537555695,0
44284,0.03913812339305878,0
42945,0.04307935759425163,0
42907,0.018059253692626953,0
32597,0.008153005503118038,0
26124,0.01990789920091629,0
16470,0.06814751774072647,0
7328,0.3367235064506531,0
41097,0.22074899077415466,0
21437,0.01921379752457142,0
12730,0.22865714132785797,0
1219,0.022508960217237473,1
35772,0.13085339963436127,0
27184,0.048343539237976074,0
31614,0.009011567570269108,0
16278,0.0235580001026392,0
40221,0.007855294272303581,0
23250,0.24614667892456055,1
4869,0.014916233718395233,0
44884,0.05001184716820717,0
42924,0.07077529281377792,0
27958,0.06738121807575226,0
40732,0.18098461627960205,0
11414,0.06514845043420792,0
20499,0.13039694726467133,0
42564,0.020008888095617294,0
36618,0.011283253319561481,0
6941,0.09528017789125443,0
2203,0.19553427398204803,0
5704,0.006840430200099945,0
26677,0.03068477287888527,0
19042,0.14046655595302582,0
20920,0.028796246275305748,0
37549,0.022092139348387718,0
10865,0.1691214144229889,0
32474,0.988361656665802,1
2327,0.14400221407413483,0
24159,0.01866926997900009,0
11579,0.6315057873725891,0
12868,0.07908524572849274,0
9880,0.2000402957201004,1
44997,0.006244433578103781,0
30068,0.15816164016723633,0
17758,0.07110513001680374,0
25943,0.08744128048419952,0
15231,0.34800514578819275,0
40554,0.08669883012771606,0
39809,0.21529889106750488,0
29762,0.07753151655197144,0
38776,0.04713989794254303,0
5119,0.08197205513715744,0
41757,0.10698407888412476,0
43692,0.11955557018518448,0
34241,0.2963930070400238,1
22747,0.10679670423269272,1
30916,0.03525267168879509,0
12455,0.01871548779308796,0
23223,0.3177611231803894,0
7314,0.23249754309654236,1
32260,0.33889344334602356,0
884,0.032738346606492996,0
